brand,model,description,image_url,created_at,id
CHEVROLET,CLASSIC,Flip 3 botones con baul,https://www.transkey.com/wp-content/uploads/2024/09/Chevrolet-R04B-01-750x750-1.jpg,,3d460742-3174-4a81-8c88-65587cf6dcbb
CHEVROLET,MONTANA PICK - UP,"Fijo 2 botones ",https://www.transkey.com/wp-content/uploads/2024/09/LLAVES-2-400x400.png,,e5f4cd2f-993d-4dae-b884-d7e17219cf7f
CHEVROLET,TRACKER,Flip 2 botones,https://www.transkey.com/wp-content/uploads/2024/09/Chevrolet-R04A-01-750x750-1-600x600.jpg,,cf0c775b-f5ba-4443-b6df-e181ce6c899e
CHEVROLET,CLASSIC,,,,ec01937f-e37e-4ce4-b590-548b784f7ed4
CHEVROLET,S-10 PICK - UP,Flip 3 botones con baul,https://www.transkey.com/wp-content/uploads/2024/09/Chevrolet-R04B-01-750x750-1.jpg,,ebf61769-c332-4de8-9ca4-6697d695ed65
CHEVROLET,BLAZER,"Fijo 2 botones ",https://www.transkey.com/wp-content/uploads/2024/09/LLAVES-2-400x400.png,,cfa20b88-4547-40ff-b39e-9bb843a62282
CHEVROLET,ONIX,Flip 3 botones linea nueva con baul,https://www.transkey.com/wp-content/uploads/2021/07/PhotoRoom-20210721-151449-600x745.jpg,,9db450dd-2816-4511-922d-5c4d7c60f1fb
CHEVROLET,ASTRA,"Fijo 2 botones ",https://www.transkey.com/wp-content/uploads/2024/09/LLAVES-2-400x400.png,,9bbf0141-cada-440b-b8f5-8cd5bbe139b8
CHEVROLET,ASTRA,"Fijo 3 botones ",https://www.transkey.com/wp-content/uploads/2024/09/33-400x400.png,,9ae576bb-3e01-4816-960f-dd9a65907790
CHEVROLET,MERIVA,,,,9a3357ac-3359-4d41-ac37-9f73a7e344f1
CHEVROLET,ONIX,Flip 3 botones con baul,https://www.transkey.com/wp-content/uploads/2024/09/Chevrolet-R04B-01-750x750-1.jpg,,b9bb06f9-4bbb-4a50-9313-fc731a7bb2ec
CHEVROLET,CRUZE,Flip 3 botones linea nueva,https://www.transkey.com/wp-content/uploads/2021/07/PhotoRoom-20210721-151449-600x745.jpg,,a91589c2-c73a-4840-b114-b2810d191257
CHEVROLET,AVEO,,,,99f7edc1-aff3-44ab-9db6-1f5021f9919a
CHEVROLET,CRUZE,Flip 3 botones con baul,https://www.transkey.com/wp-content/uploads/2024/09/Chevrolet-R04B-01-750x750-1.jpg,,bca67be0-7eab-46ff-8157-daf13976a8f4
CHEVROLET,CELTA,,,,a767aacc-a40b-4b89-8633-86366a77c059
CHEVROLET,SPIN,Flip 3 botones con baul,https://www.transkey.com/wp-content/uploads/2024/09/Chevrolet-R04B-01-750x750-1.jpg,,c1ae4b9d-8ea5-44ca-81cc-e409be580d2a
CHEVROLET,SPARK,,,,fd33ea12-54ad-4393-b215-46eb9650f802
CHEVROLET,CAPTIVA,,,,1557a742-d01e-4448-abbe-c8d862eee659
CHEVROLET,SONIC,Flip 3 botones con baul,https://www.transkey.com/wp-content/uploads/2024/09/Chevrolet-R04B-01-750x750-1.jpg,,957d5ebf-3014-494f-ae3c-21ca35cac92e
CHEVROLET,AVEO,"Fijo 2 botones ",https://llaves.com.ar/image/cache/catalog/Imagenes/Chevrolet/Carcasas/Chevrolet-B10B/Chevrolet-B10B-01-750x750.jpg,,c69cc9c4-5fbc-437f-8d56-e8c2e2045daa
CHEVROLET,S-10 PICK - UP,Flip 2 botones,https://www.transkey.com/wp-content/uploads/2024/09/Chevrolet-R04A-01-750x750-1-600x600.jpg,,f7bda117-2174-4a23-b4ad-069b090e359f
CHEVROLET,MONTANA PICK - UP,,,,f7855826-2003-40ae-ae7f-ab95d01fb5e6
CHEVROLET,BLAZER,Flip 2 botones,https://www.transkey.com/wp-content/uploads/2024/09/Chevrolet-R04A-01-750x750-1-600x600.jpg,,1e7acc15-0f21-4adc-a29d-10d26334f24b
CHEVROLET,CELTA,,,,90a61f3e-7694-4fe3-84d5-9ec8e9e7c756
CHEVROLET,MERIVA,"Fijo 2 botones ",https://www.transkey.com/wp-content/uploads/2024/09/31-400x400.png,,d6c1999d-aa07-4879-bc5c-620d97f58363
CHEVROLET,CRUZE,Flip 2 botones,https://www.transkey.com/wp-content/uploads/2024/09/Chevrolet-R04A-01-750x750-1-600x600.jpg,,077aff8c-d17a-4b9e-a4cb-a332efb7b31b
CHEVROLET,PRISMA,Flip 3 botones con baul,https://www.transkey.com/wp-content/uploads/2024/09/Chevrolet-R04B-01-750x750-1.jpg,,1ee678a0-f205-4f5d-a093-228728be6eda
CHEVROLET,VECTRA,Fijo 3 botones con baul,https://www.transkey.com/wp-content/uploads/2024/09/LLAVES-3-400x400.png,,2213f98b-d7d9-460b-99ec-fef4f7cb3dd0
CHEVROLET,CORSA,,,,22480dd3-2ce2-48cd-b9ce-b2c681a5be91
CHEVROLET,CRUZE,Presencia 3 botones con arranque,https://www.transkey.com/wp-content/uploads/2021/07/PhotoRoom-20210721-161511-600x800.jpg,,22a5df70-52a6-4610-974f-7ea5711644ce
CHEVROLET,ONIX,Flip 2 botones,https://www.transkey.com/wp-content/uploads/2024/09/Chevrolet-R04A-01-750x750-1-600x600.jpg,,8adc56c2-16f0-4d9b-9d44-17dbb912ee99
CHEVROLET,SPARK,"Fijo 2 botones ",https://llaves.com.ar/image/cache/catalog/Imagenes/Chevrolet/Carcasas/Chevrolet-B10A/Chevrolet-B10A-01-750x750.jpg,,f4b61720-b8ca-48af-a55a-35bade6af070
CHEVROLET,S-10 PICK - UP,Flip 2 botones linea nueva,https://www.transkey.com/wp-content/uploads/2021/07/PhotoRoom_20210721_151124-600x800.jpg,,2a135634-1da4-4d53-a23a-d4b0b1ec682a
CHEVROLET,AGILE,Flip 2 botones,https://www.transkey.com/wp-content/uploads/2024/09/Chevrolet-R04A-01-750x750-1-600x600.jpg,,86558638-31dd-4e13-b640-241bd69cda94
CHEVROLET,CRUZE,Presencia 3 botones con baul,https://www.transkey.com/wp-content/uploads/2021/07/PhotoRoom-20210721-161211-600x800.jpg,,2ea663d2-1dce-48d2-879a-e57ac57d6217
CHEVROLET,SONIC,Flip 2 botones,https://www.transkey.com/wp-content/uploads/2024/09/Chevrolet-R04A-01-750x750-1-600x600.jpg,,2fa2baa7-25b9-41f0-b1ca-66cf0fe14f98
CHEVROLET,CRUZE,Presencia 4 botones baul y arranque,https://www.transkey.com/wp-content/uploads/2021/07/PhotoRoom-20210721-161006-600x800.jpg,,efa6272b-3983-4309-9d32-f1036aa39765
CHEVROLET,SPIN,,,,d7115e29-2058-4d52-9587-7cfea1dd8f89
CHEVROLET,VECTRA,,,,32a5e181-98e8-42b0-9fce-af6d502fc9d4
CHEVROLET,BLAZER,Presencia 3 botones con baul,https://www.transkey.com/wp-content/uploads/2021/07/PhotoRoom-20210721-161211-600x800.jpg,,33365c3b-2775-4bff-9771-3c1e218a947d
CHEVROLET,TRACKER,Flip 3 botones con baul,https://www.transkey.com/wp-content/uploads/2024/09/Chevrolet-R04B-01-750x750-1.jpg,,7fde5091-5789-4c55-921f-71d1940ce234
CHEVROLET,CORSA,"Fijo 2 botones ",https://www.transkey.com/wp-content/uploads/2024/09/31-400x400.png,,368fbfd8-f4f9-4235-858d-d122876b7e52
CHEVROLET,CRUZE,Flip 2 botones linea nueva,https://www.transkey.com/wp-content/uploads/2021/07/PhotoRoom_20210721_151124-600x800.jpg,,7ced09ee-9585-47c0-b11e-21bded7b4d95
CHEVROLET,PRISMA,Flip 3 botones linea nueva con baul,https://www.transkey.com/wp-content/uploads/2021/07/PhotoRoom-20210721-151449-600x745.jpg,,512f76c3-a737-4f8f-b592-bcb483719b0e
CHEVROLET,AGILE,Flip 3 botones con baul,https://www.transkey.com/wp-content/uploads/2024/09/Chevrolet-R04B-01-750x750-1.jpg,,fa269bb8-9500-4f60-929c-c2201451f622
CHEVROLET,AGILE,"Fijo 2 botones ",https://www.transkey.com/wp-content/uploads/2024/09/LLAVES-2-400x400.png,,754126bc-b6b3-412b-a9b6-3bf849cb4a97
CHEVROLET,CRUZE,Presencia 2 botones,https://www.transkey.com/wp-content/uploads/2021/07/PhotoRoom-20210721-161410-600x800.jpg,,41b350a8-1afe-4055-b4ef-0eae0b989174
CHEVROLET,AVEO,,,,4270b5ca-4052-4b9e-9f76-454de9a834f0
CHEVROLET,PRISMA,Flip 2 botones,https://www.transkey.com/wp-content/uploads/2024/09/Chevrolet-R04A-01-750x750-1-600x600.jpg,,6e3d2f2e-9a3a-429f-837f-ca8293f82eed
CHEVROLET,CAPTIVA,"Fijo 2 botones ",https://www.transkey.com/wp-content/uploads/2024/09/Chevrolet-R11-02-750x750-1-600x600.jpg,,44bdb914-0233-4d7d-9b7c-83a4c11d99e7
CHEVROLET,MONTANA PICK - UP,Flip 2 botones,https://www.transkey.com/wp-content/uploads/2024/09/Chevrolet-R04A-01-750x750-1-600x600.jpg,,4590680d-7e41-4967-9970-56b6e94965f6
CHEVROLET,SPIN,Flip 2 botones,https://www.transkey.com/wp-content/uploads/2024/09/Chevrolet-R04A-01-750x750-1-600x600.jpg,,b2bc7ff1-843e-4ee9-ab09-41481e15c675
CHEVROLET,ASTRA,Flip 2 botones,https://www.transkey.com/wp-content/uploads/2024/09/Chevrolet-R04A-01-750x750-1-600x600.jpg,,6cd74c4c-ff8d-4236-b72f-eafdbbffd61d
CHEVROLET,CELTA,"Fijo 2 botones ",https://www.transkey.com/wp-content/uploads/2024/09/LLAVES-2-400x400.png,,debd703e-a1bf-4fb6-a5b5-230d5510bc0d
CHEVROLET,VECTRA,Flip 3 botones con baul,https://www.transkey.com/wp-content/uploads/2024/09/Chevrolet-R04B-01-750x750-1.jpg,,fba01f54-a618-4298-9e49-e85405a078b9
CHEVROLET,ASTRA,Fijo 3 botones con baul,https://www.transkey.com/wp-content/uploads/2024/09/30-400x400.png,,a0fccb48-3e12-4a78-98c4-f3eb7ece8019
CHEVROLET,MERIVA,,,,6bd39c60-6835-4a68-a882-5971247b7841
CHEVROLET,TRACKER,Flip 3 botones linea nueva con baul,https://www.transkey.com/wp-content/uploads/2021/07/PhotoRoom-20210721-151449-600x745.jpg,,6a9f24b7-7e0e-4446-9a11-2c0189da0718
CHEVROLET,SPARK,Flip 2 botones,https://www.transkey.com/wp-content/uploads/2024/09/Chevrolet-R04A-01-750x750-1-600x600.jpg,,e1f8232e-20de-4893-ba09-533908217dda
CHEVROLET,SONIC,,,,e217907b-61a1-4909-9580-8a5251ce609b
CHEVROLET,CORSA,,,,6a5e701e-3b48-4752-ae21-822f20362a66
CHEVROLET,CAPTIVA,Fijo 3 botones,https://www.transkey.com/wp-content/uploads/2024/09/Chevrolet-R12-01-450x450-1-400x400.jpg,,c3c9de2b-c5ec-4720-b176-40b601e2911a
CHEVROLET,CLASSIC,Flip 2 botones,https://www.transkey.com/wp-content/uploads/2024/09/Chevrolet-R04A-01-750x750-1-600x600.jpg,,68bf2394-4187-4bcf-a376-2ba99c222398
CITROEN,C 4 CACTUS,Flip 3 botones con baul linea nueva,https://www.transkey.com/wp-content/uploads/2024/09/Citroen-R07-01-750x750-1-600x600.jpg,,eecc0734-5381-4395-9502-13811ec8c733
CITROEN,C 3,"Flip 2 botones ",https://www.transkey.com/wp-content/uploads/2024/09/mVeCtLEYwIRMICOj-400x400.png,,d5f1422e-1960-44cd-b27e-1659a36136b5
CITROEN,C 4 CACTUS,Presencia 3 botones con baul,https://www.transkey.com/wp-content/uploads/2024/09/Citroen-R09C-01-750x750-1-600x600.jpg,,407754c4-173f-41dd-b355-73b186ce5035
CITROEN,C 3 AIRCROSS,"Fijo 2 botones ",https://lirp.cdn-website.com/778d7af2/dms3rep/multi/opt/Peugeot+Remote+Car+Keys+3+Tauranga+Car+Locksmiths-320w.jpg,,b8ed0179-7d7b-466c-8ac5-13af91d07a69
CITROEN,C 3 PICASSO,Flip 3 botones con baul,https://www.transkey.com/wp-content/uploads/2024/09/01-750x750-1-600x600.jpg,,fd275842-d05f-43b5-8132-436839575664
CITROEN,C 4 AIRCROSS,Flip 3 botones con baul,https://www.transkey.com/wp-content/uploads/2024/09/Citroen-R07-01-750x750-1-600x600.jpg,,33582559-f162-411a-b855-5b9337bc4339
CITROEN,C 3 AIRCROSS,Flip 3 botones con baul,https://www.transkey.com/wp-content/uploads/2024/09/01-750x750-1-600x600.jpg,,23e6af53-d84e-4cc8-9d3e-45f3f98ec568
CITROEN,C 4,"Flip 2 botones ",https://www.transkey.com/wp-content/uploads/2024/09/mVeCtLEYwIRMICOj-400x400.png,,66973e1d-9a43-4957-a0ee-c72c5a38da54
CITROEN,C 4 LOUNGE,Presencia 3 botones con baul,https://www.transkey.com/wp-content/uploads/2024/09/Citroen-R09C-01-750x750-1-600x600.jpg,,c8bbad88-7d94-4091-8442-3bd39f86500d
CITROEN,C 4 AIRCROSS,,,,67c50c46-9ba5-4dbf-a800-4579dae6ffc2
CITROEN,BERLINGO,Fijo 2 botones linea vieja,https://www.transkey.com/wp-content/uploads/2024/09/Peugeot-B12E-01-750x750-1-600x600.jpg,,9f65ea9a-ce5d-45f3-891d-485c0f9b4c0d
CITROEN,C 3,,,,add618cf-59f9-49a2-9560-bf81d2ac8671
CITROEN,C 3 PICASSO,"Flip 2 botones ",https://www.transkey.com/wp-content/uploads/2024/09/mVeCtLEYwIRMICOj-400x400.png,,8d655a7b-2aff-4b97-8201-a8e4e8b8014c
CITROEN,C 3 PICASSO,"Fijo 2 botones ",https://lirp.cdn-website.com/778d7af2/dms3rep/multi/opt/Peugeot+Remote+Car+Keys+3+Tauranga+Car+Locksmiths-320w.jpg,,caecd2eb-542f-4946-b9cd-3e6eaaa27399
CITROEN,C 4,"Fijo 2 botones ",https://lirp.cdn-website.com/778d7af2/dms3rep/multi/opt/Peugeot+Remote+Car+Keys+3+Tauranga+Car+Locksmiths-320w.jpg,,2bd13bf1-c4d9-470c-b219-13ba9a293920
CITROEN,C 3,"Fijo 2 botones ",https://lirp.cdn-website.com/778d7af2/dms3rep/multi/opt/Peugeot+Remote+Car+Keys+3+Tauranga+Car+Locksmiths-320w.jpg,,86fef680-0fb2-4ebb-b700-6ec661edbb68
CITROEN,C 4 AIRCROSS,"Flip 3 botones con faro ",https://www.transkey.com/wp-content/uploads/2024/09/Citroen-R08A2-01-750x750-1-600x600.jpg,,f3952312-f016-43ef-aaca-b04ce0662f1c
CITROEN,C 4 LOUNGE,Flip 3 botones con baul linea nueva,https://www.transkey.com/wp-content/uploads/2024/09/Citroen-R07-01-750x750-1-600x600.jpg,,fadfdb11-8712-4082-a447-3d507e0683b6
CITROEN,C 4 CACTUS,,,,81600ecc-fc72-44a7-98ea-af63ad7db3bc
CITROEN,BERLINGO,"Fijo 2 botones ",https://www.transkey.com/wp-content/uploads/2024/09/Citroen-B03B-01-750x750-1-280x280.jpg,,68a5aac6-fb44-46ab-a1e3-5c29c0c1cedf
CITROEN,C 4,,,,45c544bf-0f63-47f6-b290-11e442f58a2c
CITROEN,C 3 AIRCROSS,"Flip 2 botones ",https://www.transkey.com/wp-content/uploads/2024/09/mVeCtLEYwIRMICOj-400x400.png,,32c6486c-b20c-41df-9cb3-f2c1d6cd1c11
CITROEN,C 4 LOUNGE,Flip 3 botones con baul,https://www.transkey.com/wp-content/uploads/2024/09/01-750x750-1-600x600.jpg,,ef9245d8-0c41-404c-9fad-c69b26289343
CITROEN,BERLINGO,Fijo 2 botones linea nueva,https://www.transkey.com/wp-content/uploads/2024/09/Peugeot-B78-01-450x450-1-280x280.jpg,,78ae1ca5-3f16-4e3f-99db-dcc8e46c9de6
FIAT,ARGO,"Flip 2 botones ",https://www.transkey.com/wp-content/uploads/2021/07/Fiat-R00-AES-01-750x750-1-600x600.jpg,,85f7e209-f730-405f-a6f0-47fe65083216
FIAT,TIPO,"Flip 2 botones ",https://www.transkey.com/wp-content/uploads/2021/07/Fiat-R00-AES-01-750x750-1-600x600.jpg,,b52d823a-6c57-47a2-9c61-3dde10b5bd67
FIAT,FIORINO QUBO,Fijo 2 botones linea vieja,https://www.transkey.com/wp-content/uploads/2024/09/LLAVES-4-400x400.png,,593dd97e-bc68-40e9-a045-547d45372dea
FIAT,ARGO,Fijo 2 botones linea vieja,https://www.transkey.com/wp-content/uploads/2024/09/LLAVES-4-400x400.png,,e99668f0-bbe7-4adc-94a1-5533eefa32c8
FIAT,FIORINO QUBO,,,,5ac63ff6-ea7c-4d73-b3a6-06d10b771848
FIAT,PUNTO,"Flip 3 botones con baul ",https://www.transkey.com/wp-content/uploads/2024/09/Fiat-R01-01-750x750-1-600x600.jpg,,62afb06a-f666-41d0-9a47-2231f46033ec
FIAT,DUCATO,"Flip 2 botones ",https://www.transkey.com/wp-content/uploads/2021/07/Fiat-R00-AES-01-750x750-1-600x600.jpg,,b66b9823-af01-4305-bc6b-73f3668f4c85
FIAT,FIORINO,"Flip 2 botones ",https://www.transkey.com/wp-content/uploads/2021/07/Fiat-R00-AES-01-750x750-1-600x600.jpg,,5c7e4315-539b-4352-a69d-cea589580818
FIAT,FIORINO QUBO,"Flip 2 botones ",https://www.transkey.com/wp-content/uploads/2021/07/Fiat-R00-AES-01-750x750-1-600x600.jpg,,4747705e-9ec9-41d0-bbfa-d137e5046971
FIAT,PALIO,Fijo 2 botones linea vieja,https://www.transkey.com/wp-content/uploads/2024/09/LLAVES-4-400x400.png,,5d401362-373e-408e-a30c-a9b2e67cd15d
FIAT,LINEA,Flip 3 botones con baul linea vieja,https://www.transkey.com/wp-content/uploads/2024/09/Fiat-R06F-01-750x750-1-600x600.jpg,,eb897202-ad71-47d1-ae33-73534bb2feea
FIAT,DOBLO,"Flip 3 botones con baul ",https://www.transkey.com/wp-content/uploads/2024/09/Fiat-R01-01-750x750-1-600x600.jpg,,e3b28d28-d49d-4153-bc80-8cb9dfdb019b
FIAT,DUCATO,Fijo 2 botones linea vieja,https://www.transkey.com/wp-content/uploads/2024/09/LLAVES-4-400x400.png,,c2025dc0-2491-4fe0-a4d0-6affddc1a6f2
FIAT,PALIO,,,,144354db-0b0e-414c-845c-da0c6ce40585
FIAT,UNO,,,,81ed201a-e0b2-4a5e-8a9d-719f09eac39a
FIAT,UNO CARGO,,,,c589e188-fefc-4e38-b260-b5f4f9d373a8
FIAT,500,"Flip 3 botones ",https://www.transkey.com/wp-content/uploads/2024/09/Fiat-R01-01-750x750-1-600x600.jpg,,152e49c7-db07-4d5f-a74b-96873c66fca1
FIAT,QUBO,"Flip 2 botones ",https://www.transkey.com/wp-content/uploads/2021/07/Fiat-R00-AES-01-750x750-1-600x600.jpg,,1604d3b4-1c5b-417a-9f9d-e697f8e3bb20
FIAT,SIENA,Fijo 2 botones linea vieja,https://www.transkey.com/wp-content/uploads/2024/09/LLAVES-4-400x400.png,,fd084e3e-b502-41de-9cc8-2098146843a5
FIAT,QUBO,Flip 3 botones con baul linea vieja,https://www.transkey.com/wp-content/uploads/2024/09/Fiat-R06F-01-750x750-1-600x600.jpg,,96649be8-8566-46c4-913a-3395fcfda7d5
FIAT,TIPO,"Flip 3 botones con baul ",https://www.transkey.com/wp-content/uploads/2024/09/Fiat-R01-01-750x750-1-600x600.jpg,,be225b2a-52d7-43be-98d6-2b104a91742d
FIAT,UNO,Fijo 2 botones linea vieja,https://www.transkey.com/wp-content/uploads/2024/09/LLAVES-4-400x400.png,,c0d04b9a-f7c4-4dd7-8b51-e4fac24a2374
FIAT,GRAND SIENA,Fijo 2 botones linea vieja,https://www.transkey.com/wp-content/uploads/2024/09/LLAVES-4-400x400.png,,6df38ef8-3f89-421d-b9fa-95a81d564593
FIAT,FIORINO,Fijo 2 botones linea vieja,https://www.transkey.com/wp-content/uploads/2024/09/LLAVES-4-400x400.png,,187e72fc-2f2c-431b-992e-3f5959f4827a
FIAT,GRAND SIENA,"Flip 2 botones ",https://www.transkey.com/wp-content/uploads/2021/07/Fiat-R00-AES-01-750x750-1-600x600.jpg,,d7403119-5cc6-448c-9984-933289342dd7
FIAT,PUNTO,"Flip 2 botones ",https://www.transkey.com/wp-content/uploads/2021/07/Fiat-R00-AES-01-750x750-1-600x600.jpg,,1a1c9004-c4db-495e-9af6-b476ba0df193
FIAT,GRAND SIENA,,,,1a483e74-898e-4779-876e-07ef3b1e4aab
FIAT,UNO,"Flip 2 botones ",https://www.transkey.com/wp-content/uploads/2021/07/Fiat-R00-AES-01-750x750-1-600x600.jpg,,1a9c2b85-5534-4dbd-8186-c7a7ff027347
FIAT,TIPO,Presencia 5 botones,https://www.transkey.com/wp-content/uploads/2024/09/Fiat-B34-01-750x750-1-600x600.jpg,,1bab8191-1cbf-499f-af18-33f9efce0472
FIAT,TORO PICK UP,Presencia 5 botones,https://www.transkey.com/wp-content/uploads/2024/09/Fiat-B34-01-750x750-1-600x600.jpg,,1d1857fe-fa10-4aad-b075-837764177c58
FIAT,MOBI,,,,fe3bd8fd-e602-4d73-9488-186ceebc6c50
FIAT,500,Flip 2 botones,https://llaves.com.ar/image/cache/catalog/Imagenes/Fiat/Telemandos/Fiat-R00-AES/Fiat-R00-AES-01-450x450.jpg,,c8d3ec6d-870a-42a6-9962-5d40360175cf
FIAT,LINEA,Fijo 2 botones linea vieja,https://www.transkey.com/wp-content/uploads/2024/09/LLAVES-4-400x400.png,,3a15d9fa-a76b-420d-9ef9-9e4dc6158999
FIAT,500,,,,7940ea3e-6840-4a66-8d1a-71705d0da013
FIAT,DOBLO,,,,d99317a8-8dff-49b9-a0af-470d94814fe4
FIAT,MOBI,"Flip 2 botones ",https://www.transkey.com/wp-content/uploads/2021/07/Fiat-R00-AES-01-750x750-1-600x600.jpg,,3bf06e58-6eda-41b1-acc3-ab91ca9be73e
FIAT,CRONOS,Presencia 5 botones,https://www.transkey.com/wp-content/uploads/2024/09/Fiat-B34-01-750x750-1-600x600.jpg,,f671ccee-4065-45ac-be9a-f6a05d76c5ed
FIAT,STRADA PICK - UP,,,,1ee607f9-0b12-46fe-b875-ac39d21b7ee1
FIAT,CRONOS,Flip 4 botones,https://www.transkey.com/wp-content/uploads/2024/09/Fiat-B23C-01-750x750-1-600x600.jpg,,1fa67702-b79a-47a7-bf8d-5a515f608f93
FIAT,CRONOS,"Flip 2 botones ",https://www.transkey.com/wp-content/uploads/2021/07/Fiat-R00-AES-01-750x750-1-600x600.jpg,,f64802c9-d7a5-480c-ad58-eedf5b5747ab
FIAT,IDEA,Fijo 2 botones linea vieja,https://www.transkey.com/wp-content/uploads/2024/09/LLAVES-4-400x400.png,,fe5dae7a-a0ea-4207-af98-210532c9fb65
FIAT,SIENA,"Flip 3 botones con baul ",https://www.transkey.com/wp-content/uploads/2024/09/Fiat-R01-01-750x750-1-600x600.jpg,,114e8d0a-bf5e-4b96-a074-afbfa8fc18ae
FIAT,TORO PICK UP,Flip 4 botones,https://www.transkey.com/wp-content/uploads/2024/09/Fiat-B23C-01-750x750-1-600x600.jpg,,8bc95529-66fb-4b30-91fa-2f6e74ae87db
FIAT,ARGO,Flip 4 botones,https://www.transkey.com/wp-content/uploads/2024/09/Fiat-B23C-01-750x750-1-600x600.jpg,,3d844394-2b86-4d82-a082-40a349cbd984
FIAT,DOBLO,"Flip 2 botones ",https://www.transkey.com/wp-content/uploads/2021/07/Fiat-R00-AES-01-750x750-1-600x600.jpg,,f5e10fb1-49d7-49e1-b75c-95f643e8eee7
FIAT,BRAVO,,,,3ebea290-e19c-4819-9700-950289a57649
FIAT,STRADA PICK - UP,Fijo 2 botones linea vieja,https://www.transkey.com/wp-content/uploads/2024/09/LLAVES-4-400x400.png,,89914e76-eb68-4616-944f-45d6de037e64
FIAT,STRADA PICK - UP,"Flip 2 botones ",https://www.transkey.com/wp-content/uploads/2021/07/Fiat-R00-AES-01-750x750-1-600x600.jpg,,25d34b1d-6d52-4be2-afe7-e7a63a29db5f
FIAT,IDEA,"Flip 2 botones ",https://www.transkey.com/wp-content/uploads/2021/07/Fiat-R00-AES-01-750x750-1-600x600.jpg,,26021654-dc5d-4f2e-bc9e-866e924c6e1c
FIAT,FIORINO,,,,2695fa64-6f36-433c-bcd2-18852889fe0d
FIAT,PUNTO,Flip 3 botones con baul linea vieja,https://www.transkey.com/wp-content/uploads/2024/09/Fiat-R06F-01-750x750-1-600x600.jpg,,6d4406c0-7a34-4f8e-a26a-a52139df5963
FIAT,SIENA,Flip 3 botones con baul linea vieja,https://www.transkey.com/wp-content/uploads/2024/09/Fiat-R06F-01-750x750-1-600x600.jpg,,71d50823-1a3e-4211-a0fc-a04e6c4f88c4
FIAT,IDEA,Flip 3 botones con baul,https://www.transkey.com/wp-content/uploads/2024/09/Fiat-R06F-01-750x750-1-600x600.jpg,,a110260d-9cdd-4674-8e6a-8ab3cb5e9d71
FIAT,UNO CARGO,"Flip 2 botones ",https://www.transkey.com/wp-content/uploads/2021/07/Fiat-R00-AES-01-750x750-1-600x600.jpg,,884917b4-4d69-4e34-a5e0-c97b766f6bf1
FIAT,DUCATO,,,,86452a54-8451-4037-99eb-985817cd3653
FIAT,QUBO,"Flip 3 botones con baul ",https://www.transkey.com/wp-content/uploads/2024/09/Fiat-R01-01-750x750-1-600x600.jpg,,b1ea757f-99d0-463d-963f-1041d780e24e
FIAT,PALIO,"Flip 3 botones con baul ",https://www.transkey.com/wp-content/uploads/2024/09/Fiat-R01-01-750x750-1-600x600.jpg,,dbac77ed-615c-4926-b8cf-3967a7c469b3
FIAT,TIPO,Flip 4 botones,https://www.transkey.com/wp-content/uploads/2024/09/Fiat-B23C-01-750x750-1-600x600.jpg,,0f6e3e4f-535b-4c65-bdda-0487f98debd1
FIAT,UNO CARGO,Fijo 2 botones linea vieja,https://www.transkey.com/wp-content/uploads/2024/09/LLAVES-4-400x400.png,,3050255c-1fad-416a-bb27-24611411ed09
FIAT,MOBI,,,,11bedaeb-8eeb-4bf0-8efb-447805f99d69
FIAT,BRAVO,"Flip 3 botones con baul ",https://www.transkey.com/wp-content/uploads/2024/09/Fiat-R01-01-750x750-1-600x600.jpg,,f24c697d-dbea-49b0-9d33-e87b06a8c54a
FIAT,LINEA,"Flip 3 botones con baul ",https://www.transkey.com/wp-content/uploads/2024/09/Fiat-R01-01-750x750-1-600x600.jpg,,e78c0fe4-2912-49a2-8f0f-ae8747db9a89
FIAT,TORO PICK UP,"Flip 2 botones ",https://www.transkey.com/wp-content/uploads/2021/07/Fiat-R00-AES-01-750x750-1-600x600.jpg,,9f4ca321-cc9e-4794-90cb-d3bb00ab4404
FIAT,BRAVO,"Flip 3 botones con baul ",https://www.transkey.com/wp-content/uploads/2024/09/Fiat-R06F-01-750x750-1-600x600.jpg,,dcd7e19d-8726-4709-aba8-7a76d3abde19
FORD,KUGA,Presencia 3 botones,https://www.transkey.com/wp-content/uploads/2024/09/Ford-R10A-01-750x750-1.jpg,,c5d8f0f7-1232-4fcb-8f5e-4a0429405193
FORD,KUGA,Flip 3 botones cuadrado,https://www.transkey.com/wp-content/uploads/2024/09/Ford-B62-01-750x750-1-600x600.jpg,,bb4feb65-ea14-48cb-a5da-daa84de33f69
FORD,FIESTA,Presencia 3 botones modelo nuevo,https://www.transkey.com/wp-content/uploads/2024/09/Ford-R33-Original-01-750x750-1-600x600.jpg,,bc857e05-8f83-4020-9eca-ef7b75d82093
FORD,ECOSPORT,Llavero 4 botones,https://www.transkey.com/wp-content/uploads/2021/07/39.png,,bcceffa7-7c19-4cf9-89ac-a5262b7ea178
FORD,"FIESTA ",Llavero 3 botones,https://www.transkey.com/wp-content/uploads/2021/07/37.png,,1978610f-2e84-4e35-88f1-afb895602ef9
FORD,RANGER PICK - UP,Flip 2 botones,https://www.transkey.com/wp-content/uploads/2021/07/PhotoRoom-20210723-120634-600x800.jpg,,1be66878-8d7a-4341-8625-068e57e75775
FORD,KA,Llavero 3 botones,https://www.transkey.com/wp-content/uploads/2021/07/37.png,,1e4b2c96-5706-4422-b9fd-e3feb319b40a
FORD,MONDEO,"Flip 3 botones ",https://www.transkey.com/wp-content/uploads/2024/09/Ford-B64A-01-750x750-1-600x600.jpg,,22d7ae85-6f26-46ac-850e-1434e13cdee3
FORD,FOCUS,Presencia 3 botones modelo nuevo,https://www.transkey.com/wp-content/uploads/2024/09/Ford-R33-Original-01-750x750-1-600x600.jpg,,298a22b3-5e70-4876-935c-baeede00b44b
FORD,KUGA,"Flip 2 botones ",https://www.transkey.com/wp-content/uploads/2021/07/PhotoRoom-20210723-120634-600x800.jpg,,2a376660-9601-44c0-afaa-193a5c9e07af
FORD,RANGER PICK - UP,Llavero 3 botones,https://www.transkey.com/wp-content/uploads/2021/07/37.png,,2e898505-2fa3-45a1-b694-4012d972d6ea
FORD,"FIESTA ",Flip 3 botones,https://www.transkey.com/wp-content/uploads/2024/09/Ford-R13B-01-750x750-1-600x600.jpg,,462de650-bc17-485b-b043-5f0bbd7a5e3a
FORD,MONDEO,Flip 3 botones cuadrado,https://www.transkey.com/wp-content/uploads/2024/09/Ford-B62-01-750x750-1-600x600.jpg,,1094f8a4-6f78-47d8-83a5-ddd46f366d0c
FORD,KA,Flip 3 botones linea nueva,https://www.transkey.com/wp-content/uploads/2024/09/Ford-B64A-01-750x750-1-300x300.jpg,,4db422d0-d696-48ee-a004-2f3f0cca3734
FORD,FIESTA,Llavero 4 botones,https://www.transkey.com/wp-content/uploads/2021/07/39.png,,5522046c-8be5-464f-b40f-007b6792a9b3
FORD,ECOSPORT,Presencia 3 botones,https://www.transkey.com/wp-content/uploads/2024/09/Ford-R10A-01-750x750-1.jpg,,126bd1d7-201a-499f-9996-15f9f5abca6e
FORD,ECOSPORT,"Flip 3 botones ",https://www.transkey.com/wp-content/uploads/2021/07/PhotoRoom-20210723-120634-600x800.jpg,,56fc46e6-4504-4d24-8cbe-620771d63d53
FORD,ECOSPORT,Presencia 2 botones,https://www.transkey.com/wp-content/uploads/2021/07/PhotoRoom_20210722_103413-600x800.jpg,,588aa53b-eade-4296-be4c-1232e5901b49
FORD,ECOSPORT,Flip 3 botones cuadrado,https://www.transkey.com/wp-content/uploads/2024/09/Ford-B62-01-750x750-1-600x600.jpg,,5b625b91-1f09-4621-9971-4f9c85a9503a
FORD,MONDEO,Presencia 3 botones,https://www.transkey.com/wp-content/uploads/2024/09/Ford-R10A-01-750x750-1.jpg,,5f88fc4a-24e2-4faa-baff-ca2800512633
FORD,ECOSPORT KINETIC DESIGN ATTRACTION,Flip 3 botones con baul,https://www.transkey.com/wp-content/uploads/2024/09/Ford-R13B-01-750x750-1-600x600.jpg,,fa726858-a34a-4893-9410-02e4dbd5f446
FORD,KA,Fijo 3 botones,https://www.transkey.com/wp-content/uploads/2024/09/41.png,,e34ac681-8193-4c53-a0a1-33956f2cc521
FORD,FOCUS,Fijo 3 botones,https://www.transkey.com/wp-content/uploads/2024/09/41.png,,d900a165-01b2-4d46-a2dd-b33849e9b557
FORD,RANGER PICK - UP,Flip 2 botones linea nueva,https://www.transkey.com/wp-content/uploads/2021/07/Ford-R23B-Original-01-750x750-1-600x600.jpg,,7e412091-6752-4424-9775-b643caf742a4
FORD,F-100 PICK - UP,,,,7e9b02b8-cc26-4244-bbd9-cdb074a59560
FORD,FIESTA,"Presencia 3 botones ",https://www.transkey.com/wp-content/uploads/2024/09/Ford-R10A-01-750x750-1-600x600.jpg,,875a8fc1-e813-4118-b121-ab64f45c3571
FORD,F-100 PICK - UP,Llavero 3 botones,https://www.transkey.com/wp-content/uploads/2021/07/37.png,,d6c245ac-b1e8-4df8-837d-6f3181d50d9d
FORD,ECOSPORT,"Flip 3 botones ",https://www.transkey.com/wp-content/uploads/2024/09/Ford-B64A-01-750x750-1-600x600.jpg,,8955922d-4439-4605-a3d0-11bd16305aed
FORD,TRANSIT,Fijo 3 botones,https://www.transkey.com/wp-content/uploads/2024/09/41.png,,8a2bc880-6d08-46c8-b594-c27089aa5146
FORD,KUGA,"Flip 3 botones ",https://www.transkey.com/wp-content/uploads/2024/09/Ford-B64A-01-750x750-1-600x600.jpg,,8b3c5465-b54b-4958-b14a-00d8f8d384e6
FORD,FOCUS,Llavero 3 botones,https://www.transkey.com/wp-content/uploads/2021/07/37.png,,8eb5ef59-3207-427a-beeb-266c7a6bc2bc
FORD,ECOSPORT,Llavero 3 botones,https://www.transkey.com/wp-content/uploads/2021/07/37.png,,98a6c387-a79c-46e3-b523-288ae84ef61e
FORD,F-100 PICK - UP,Llavero 4 botones,https://www.transkey.com/wp-content/uploads/2021/07/39.png,,165f40b9-81ca-47ae-a18d-314201f5b597
FORD,TRANSIT,"Flip 3 botones ",https://www.transkey.com/wp-content/uploads/2024/09/Ford-R26B-03-750x750-1-600x600.jpg,,d099e74f-e4a6-45ba-a015-94eac04ad6e5
FORD,FOCUS,"Presencia 3 botones ",https://www.transkey.com/wp-content/uploads/2024/09/Ford-R10A-01-750x750-1-600x600.jpg,,01e10b84-0837-4e5a-b830-c5291deaaa00
HONDA,CITY,Flip 3 botones con baul,https://www.transkey.com/wp-content/uploads/2024/09/135.png,,88e409a0-2d6b-4d57-a907-32a1ce96efc3
HONDA,CITY,,,,ecde227c-0e3a-449e-95d9-d8d0c1ab68a5
HONDA,ACCORD,,,,fa13ae72-8df5-4ea7-bdea-1da098cd6326
HONDA,F i T,Flip 2 botones,https://llaves.com.ar/image/cache/catalog/Imagenes/Honda/Carcasas/Honda-B33A/Honda-B33A-01-450x450.jpg,,c3ca4e7b-c38e-41f9-817e-5ae63167b187
HONDA,HR-V,Flip 2 botones,https://llaves.com.ar/image/cache/catalog/Imagenes/Honda/Carcasas/Honda-B33A/Honda-B33A-01-450x450.jpg,,225f4a78-10f1-4924-8598-4eeca5fc8b27
HONDA,CIVIC,Flip 3 botones con baul,https://www.transkey.com/wp-content/uploads/2024/09/135.png,,ee51d8ad-9665-414e-b113-9c3feaed3e82
HONDA,CIVIC,Flip 2 botones,https://llaves.com.ar/image/cache/catalog/Imagenes/Honda/Carcasas/Honda-B33A/Honda-B33A-01-450x450.jpg,,2e7400eb-de18-488e-9d05-f22f0ca8e4d9
HONDA,HR-V,Fijo 3 botones con panico,https://www.transkey.com/wp-content/uploads/2024/09/137.png,,94a0bcb2-e9c1-4201-a975-7557b4593209
HONDA,F i T,Fijo 3 botones con panico,https://www.transkey.com/wp-content/uploads/2024/09/137.png,,f5c90930-489c-444e-a8b6-52fad7f954e3
HONDA,F i T,Flip 3 botones con baul,https://www.transkey.com/wp-content/uploads/2024/09/135.png,,b8fa838a-017a-46a3-9fd7-93ff10d4a6b7
HONDA,HR-V,Flip 3 botones con baul,https://www.transkey.com/wp-content/uploads/2024/09/135.png,,6a66efeb-3892-4183-8adc-ae42402f8d68
HONDA,CR-V,Flip 3 botones con baul,https://www.transkey.com/wp-content/uploads/2024/09/135.png,,989b85d1-d60e-4c63-b362-d3bb85cb6478
HONDA,CR-V,Fijo 3 botones con panico,https://www.transkey.com/wp-content/uploads/2024/09/137.png,,5453eed4-6d33-471c-9e80-3980a0c74333
HONDA,ACCORD,Fijo 3 botones con panico,https://www.transkey.com/wp-content/uploads/2024/09/137.png,,fc87e213-ae28-4162-8b76-ff1ae17d8fbe
HONDA,CITY,Flip 2 botones,https://llaves.com.ar/image/cache/catalog/Imagenes/Honda/Carcasas/Honda-B33A/Honda-B33A-01-450x450.jpg,,4c512874-10b1-43fe-926e-f6db12b422b6
HONDA,ACCORD,Fijo 2 botones,https://eu.eaata.pro/cdn/shop/files/2006-2009TelemandoFijoHondaAccord-FRV-JazzREF.ORIGINAL35111-SEA-309.webp?v=1697731625,,56c39998-46bc-4f69-ba17-7e5be5db8a1e
HONDA,CIVIC,Fijo 3 botones con panico,https://www.transkey.com/wp-content/uploads/2024/09/137.png,,3b06de52-e085-4009-997c-7ff980117a82
HONDA,CR-V,Flip 2 botones,https://llaves.com.ar/image/cache/catalog/Imagenes/Honda/Carcasas/Honda-B33A/Honda-B33A-01-450x450.jpg,,4cdc86ea-2dd5-4380-a47d-b130d6e2c0c5
HYUNDAI,i 10,,,,d6cdd64e-8ffc-48b2-a81f-1efa8dc51ad1
HYUNDAI,VELOSTER,Llavero 3 botones,https://www.vvdi.com/thumbnail/crop/345/345/products/vd2245/vd2245.jpg,,7a571095-c225-4f29-9103-4710882b0119
HYUNDAI,CRETA,Llavero 3 botones,https://www.vvdi.com/thumbnail/crop/345/345/products/vd2245/vd2245.jpg,,7b7370ab-3009-45d4-a85e-03b6d807e1e9
HYUNDAI,SANTA FE,Llavero 3 botones,https://www.vvdi.com/thumbnail/crop/345/345/products/vd2245/vd2245.jpg,,7bb5fc9c-52e8-46cf-803e-896f7cbee9e1
HYUNDAI,VELOSTER,Presencia 4 botones,https://encrypted-tbn1.gstatic.com/images?q=tbn:ANd9GcSf95_oud-k_5WRBS4m5t7ls6N9Wqopw68PEquE5iLqV1XLMtdb,,d61ec9ff-a9f7-4c00-9d1b-0aaccd25abbc
HYUNDAI,i 30,Flip 3 botones negro,https://www.transkey.com/wp-content/uploads/2024/09/143.png,,22221c05-753a-453d-bd85-ec0c2d379ef3
HYUNDAI,TUCSON,Presencia 4 botones,https://www.mk3.com/uploads/files/products/product/MK4732/hyundai-creta-2023-genuine-smart-remote-key-95440-i7100-mk4732.jpg,,80932148-3274-4210-9a4d-bd3e2bc3f9a5
HYUNDAI,SANTA FE,Flip 3 botones,https://www.thekeyguys.com.au/assets/full/KGRHYU32.jpg?20240827084641,,ef4a4695-c504-4b74-957f-e4c02549560e
HYUNDAI,VELOSTER,,,,ad173d81-979d-400a-8a2b-c32f136879a3
HYUNDAI,i 10,Flip 3 botones,https://www.thekeyguys.com.au/assets/full/KGRHYU32.jpg?20240827084641,,b6a69db2-7762-4b73-bf0c-e72696d64508
HYUNDAI,i 10,Presencia 4 botones,https://encrypted-tbn1.gstatic.com/images?q=tbn:ANd9GcSf95_oud-k_5WRBS4m5t7ls6N9Wqopw68PEquE5iLqV1XLMtdb,,4f7f1a8a-25fc-482e-87ed-dd60903333bb
HYUNDAI,SANTA FE,Presencia 4 botones,https://www.mk3.com/uploads/files/products/product/MK4732/hyundai-creta-2023-genuine-smart-remote-key-95440-i7100-mk4732.jpg,,f4598043-4a88-433d-9f52-6304c285d12f
HYUNDAI,TUCSON,Llavero 3 botones,https://www.vvdi.com/thumbnail/crop/345/345/products/vd2245/vd2245.jpg,,9ce761a0-a031-4040-8927-48cf77291e3f
HYUNDAI,i 30,"Presencia 3 botones ",https://www.transkey.com/wp-content/uploads/2024/09/144-300x300.png,,4f7d732e-6b45-476a-ba9d-ee97d6a564cf
HYUNDAI,CRETA,Presencia 4 botones,https://www.mk3.com/uploads/files/products/product/MK4732/hyundai-creta-2023-genuine-smart-remote-key-95440-i7100-mk4732.jpg,,715e7dae-a5f7-4e4d-85cd-35e9dd1669ba
HYUNDAI,TUCSON,Flip 3 botones,https://www.thekeyguys.com.au/assets/full/KGRHYU32.jpg?20240827084641,,4019ee75-1b8e-4d97-9a80-9aa42811bde7
HYUNDAI,CRETA,Flip 3 botones,https://www.thekeyguys.com.au/assets/full/KGRHYU32.jpg?20240827084641,,31e79b72-c8bd-4b78-90a6-daa10207b4b7
HYUNDAI,i 30,,,,f816a48b-9a82-4b12-baea-3864ebbc44c9
JEEP,COMPASS,Presencia 5 botones,https://eu.eaata.pro/cdn/shop/files/2014_TelemandoKeylessGoJeepCompassRenegadeRef.Original71777034.webp?v=1698756066,,969dd068-4e3d-4bb7-a7cd-2f514d56fcf7
JEEP,RENEGADE,Flip 4 botones,https://www.transkey.com/wp-content/uploads/2024/09/43.png,,8599aff3-923c-4aa6-8c36-292dd100bfd8
JEEP,CHEROKEE,Presencia 3 botones,https://www.transkey.com/wp-content/uploads/2024/09/Chrysler-R11C-01-750x750-1-600x600.jpg,,2e3fbf43-f521-4de6-8305-cf63fb772de7
JEEP,PATRIOT,Fijo 2 botones,https://ae01.alicdn.com/kf/Sa31e4e0ae4d640c0b57be8d74a673ffdo.jpg,,a1d3ee9e-b10d-4d0e-bf61-cfaf512072a0
JEEP,CHEROKEE GRAND,Presencia 3 botones,https://www.transkey.com/wp-content/uploads/2024/09/Chrysler-R11C-01-750x750-1-600x600.jpg,,879c0d2a-8681-44a3-8535-211120a5e768
JEEP,RENEGADE,Presencia 5 botones,https://eu.eaata.pro/cdn/shop/files/2014_TelemandoKeylessGoJeepCompassRenegadeRef.Original71777034.webp?v=1698756066,,4c0c2e7d-126a-478d-b1bc-387d59b9388c
JEEP,CHEROKEE,Presencia 2 botones,https://www.transkey.com/wp-content/uploads/2024/09/LLAVES-7.png,,ae713575-c6ba-4924-b0ea-f25469ea66a8
JEEP,CHEROKEE,Presencia 5 botones,https://eu.eaata.pro/cdn/shop/files/2014_TelemandoKeylessGoJeepCompassRenegadeRef.Original71777034.webp?v=1698756066,,e7fe8eb8-7236-43fe-b4ed-e3514665a384
JEEP,WRANGLER,Flip 4 botones,https://www.transkey.com/wp-content/uploads/2024/09/43.png,,e0440018-d815-4b42-9506-f46e06fc624f
JEEP,PATRIOT,Fijo 3 botones,"https://m.media-amazon.com/images/I/61VEzfIEAlL._AC_UF350,350_QL80_.jpg",,b52cdfef-b028-4a18-b599-d8475adab0fc
JEEP,WRANGLER,Fijo 2 botones,https://ae01.alicdn.com/kf/Sa31e4e0ae4d640c0b57be8d74a673ffdo.jpg,,5f7d8d80-e902-4e60-b84c-adf91823346d
JEEP,RENEGADE,Presencia 2 botones,https://www.transkey.com/wp-content/uploads/2024/09/LLAVES-7.png,,1697f203-4b62-4fea-9d80-b61103158b16
JEEP,COMPASS,Presencia 3 botones,https://www.transkey.com/wp-content/uploads/2024/09/Chrysler-R11C-01-750x750-1-600x600.jpg,,9b9b5310-6be9-41f4-be8f-3da5e07d0734
JEEP,CHEROKEE GRAND,Presencia 5 botones,https://eu.eaata.pro/cdn/shop/files/2014_TelemandoKeylessGoJeepCompassRenegadeRef.Original71777034.webp?v=1698756066,,c1d94eba-fcc0-4aa7-92a4-c74b65a4b65f
JEEP,COMPASS,Presencia 2 botones,https://www.transkey.com/wp-content/uploads/2024/09/LLAVES-7.png,,e29945de-fba4-4fdb-8c5c-f18bd62981e6
JEEP,WRANGLER,Flip 4 botones,https://www.transkey.com/wp-content/uploads/2024/09/43.png,,84b142c2-70c6-4d1a-94b7-58e5a119a40d
JEEP,COMPASS,Flip 4 botones,https://www.transkey.com/wp-content/uploads/2024/09/43.png,,bd89582c-07c7-434a-9488-6fc0616d9950
JEEP,CHEROKEE GRAND,Presencia 2 botones,https://www.transkey.com/wp-content/uploads/2024/09/LLAVES-7.png,,14a3e115-98d4-4c8e-aae1-7bfab4b49936
NISSAN,XTERRA,Presencia 2 botones,https://www.transkey.com/wp-content/uploads/2021/07/LLAVES.png,,3ec5b643-1c3f-484e-86fd-3194e0b5b2b9
NISSAN,XTERRA,Fijo 3 botones,https://www.transkey.com/wp-content/uploads/2024/09/Nissan-R13-01-750x750-1-600x600.jpg,,ec8a56a8-4c17-4bec-9bb5-52f198be8dec
NISSAN,NOTE,Presencia 3 botones,https://www.transkey.com/wp-content/uploads/2024/09/Nissan-B65A-01-750x750-1-300x300.jpg,,4beab7a5-7cd6-499f-b835-595aeb0e48d2
NISSAN,MARCH,Presencia 2 botones,https://www.transkey.com/wp-content/uploads/2021/07/LLAVES.png,,df75af04-7307-4cf7-ae7f-c12ea6177eb1
NISSAN,NOTE,Fijo 3 botones,https://www.transkey.com/wp-content/uploads/2024/09/Nissan-R13-01-750x750-1-600x600.jpg,,4b6847af-ffda-4131-bec0-1e60110fa6e1
NISSAN,TIIDA,"Fijo 2 botones ",https://www.transkey.com/wp-content/uploads/2024/09/Nissan-R19-01-750x750-1-600x600.jpg,,476cfc6c-c6dc-4526-a54b-d245d0cd2b61
NISSAN,XTRAIL,Llavero 4 botones,https://www.transkey.com/wp-content/uploads/2024/09/Nissan-R08-01-750x750-1-600x600.jpg,,4503ed66-e1df-43cc-903e-62ee569fc34c
NISSAN,FRONTIER PICK - UP,Llavero 3 botones,https://www.transkey.com/wp-content/uploads/2024/09/Nissan-R09-01-750x750-1-600x600.jpg,,6f44c65c-e585-43a8-858f-47751314f8c9
NISSAN,VERSA,Presencia 3 botones,https://www.transkey.com/wp-content/uploads/2024/09/Nissan-B65A-01-750x750-1-300x300.jpg,,3d56748e-0519-49f2-8305-432bc1c05804
NISSAN,FRONTIER PICK - UP,Presencia 4 botones,https://www.transkey.com/wp-content/uploads/2024/09/Nissan-B47-01-750x750-1-600x600.jpg,,af4b3565-e56e-49ca-9b01-f9af90a18e1c
NISSAN,XTRAIL,Fijo 3 botones,https://www.transkey.com/wp-content/uploads/2024/09/Nissan-R13-01-750x750-1-600x600.jpg,,3223777b-ba6f-4fc6-a61c-279e679c639f
NISSAN,SENTRA,Fijo 3 botones,https://www.transkey.com/wp-content/uploads/2024/09/Nissan-R13-01-750x750-1-600x600.jpg,,877f99ff-36c2-40ee-b1f9-3bfb6e54baaa
NISSAN,XTRAIL,Llavero 3 botones,https://www.transkey.com/wp-content/uploads/2024/09/Nissan-R09-01-750x750-1-600x600.jpg,,2b923c9b-d868-4c0f-987f-4122fa251c52
NISSAN,NOTE,Presencia 4 botones,https://www.transkey.com/wp-content/uploads/2024/09/Nissan-B47-01-750x750-1-600x600.jpg,,a437ae3b-00e1-4e89-b5f7-5b6ff5ac834e
NISSAN,VERSA,Presencia 4 botones,https://www.transkey.com/wp-content/uploads/2024/09/Nissan-B47-01-750x750-1-600x600.jpg,,d33b381e-c513-4660-96dd-a33507e6391b
NISSAN,FRONTIER PICK - UP,Presencia 2 botones,https://www.transkey.com/wp-content/uploads/2021/07/LLAVES.png,,fd49f5ae-f679-4c29-9de9-829d86834ff2
NISSAN,TIIDA,Presencia 2 botones,https://www.transkey.com/wp-content/uploads/2021/07/LLAVES.png,,c360aec8-16c9-4857-87b7-5151922345ba
NISSAN,MARCH,Fijo 3 botones,https://www.transkey.com/wp-content/uploads/2024/09/Nissan-R13-01-750x750-1-600x600.jpg,,d155a653-f5a7-469d-afea-f1c986ef51c5
NISSAN,KICKS,Presencia 4 botones,https://www.transkey.com/wp-content/uploads/2024/09/Nissan-B47-01-750x750-1-600x600.jpg,,c3bde5ce-217e-4c00-ae47-e956da622338
NISSAN,KICKS,Fijo 4 botones,https://www.transkey.com/wp-content/uploads/2024/09/Nissan-B37A-01-750x750-1-600x600.jpg,,16221a1c-954d-45bb-92d7-b20c769bbbd3
NISSAN,XTERRA,Llavero 3 botones,https://www.transkey.com/wp-content/uploads/2024/09/Nissan-R09-01-750x750-1-600x600.jpg,,9d2702bc-96de-42fa-8742-ba440a31b240
NISSAN,MARCH,Llavero 3 botones,https://www.transkey.com/wp-content/uploads/2024/09/Nissan-R09-01-750x750-1-600x600.jpg,,aab2530f-8ecf-4b46-a049-12f6a258f78a
NISSAN,SENTRA,Presencia 3 botones,https://www.transkey.com/wp-content/uploads/2024/09/Nissan-B65A-01-750x750-1-300x300.jpg,,5f4fafc0-b839-4379-9e80-333fb0ff6cc9
NISSAN,TIIDA,"Presencia 2 botones cudrado ",https://www.transkey.com/wp-content/uploads/2024/09/Nissan-R06C-01-750x750-1-600x600.jpg,,5b2aa482-6d0e-4d7a-9ff4-4ca83969d932
NISSAN,SENTRA,Presencia 4 botones,https://www.transkey.com/wp-content/uploads/2024/09/Nissan-B47-01-750x750-1-600x600.jpg,,62c4fda7-d6d0-4712-98cf-61279df79ab0
NISSAN,XTRAIL,Flip 2 botones linea nueva,https://www.transkey.com/wp-content/uploads/2024/09/116.png,,ea77d7ba-1318-48b9-a637-e9ee3ed48219
NISSAN,VERSA,Presencia 2 botones,https://www.transkey.com/wp-content/uploads/2021/07/LLAVES.png,,658ce8d1-c56e-408b-ab3f-f2a5cf6f8a1d
NISSAN,KICKS,Presencia 3 botones,https://www.transkey.com/wp-content/uploads/2024/09/Nissan-B65A-01-750x750-1-300x300.jpg,,65b74397-7b3a-4f0e-b53d-e98ca8ac5e77
PEUGEOT,2008,Flip 3 botones con faro linea nueva,https://www.transkey.com/wp-content/uploads/2021/07/PhotoRoom-20210728-145224-600x800.jpg,,f7e0125b-3ed5-473d-b38d-9c67d60d0837
PEUGEOT,2008,Flip 3 botones con baul linea nueva,https://www.transkey.com/wp-content/uploads/2021/07/PhotoRoom-20210728-153248-600x800.jpg,,9221d7b0-15b2-4bc3-b8a7-dea8081dbbfa
PEUGEOT,508,Flip 3 botones con baul linea nueva,https://www.transkey.com/wp-content/uploads/2021/07/PhotoRoom-20210728-153248-600x800.jpg,,5f6cd712-af05-46ce-982b-84a7a5c47944
PEUGEOT,408,Flip 3 botones con baul linea vieja,https://www.transkey.com/wp-content/uploads/2021/07/0-1.jpg,,d1ac0eaf-fcb5-4389-b27e-a1a2f113a45b
PEUGEOT,208,Flip 3 botones con faro linea nueva,https://www.transkey.com/wp-content/uploads/2021/07/PhotoRoom-20210728-145224-600x800.jpg,,d8d8e35d-b407-462c-b610-a8335dc29323
PEUGEOT,208,Presencia 3 botones con baul,https://www.transkey.com/wp-content/uploads/2021/07/PhotoRoom-20210729-102212-600x800.jpg,,0333b2c1-e4f3-4db1-9b03-fccb82fc1689
PEUGEOT,407,"Fijo 2 botones ",https://http2.mlstatic.com/D_805511-MLA47819137913_102021-C.jpg,,c0df6f7f-9c87-4e76-b1ab-c49d2aed3cb5
PEUGEOT,2008,Presencia 3 botones con baul,https://www.transkey.com/wp-content/uploads/2021/07/PhotoRoom-20210729-102212-600x800.jpg,,7a538a84-7388-490a-905d-8debbbcf493f
PEUGEOT,5008,Flip 3 botones con faro linea nueva,https://www.transkey.com/wp-content/uploads/2021/07/PhotoRoom-20210728-145224-600x800.jpg,,b4341a58-2764-4a58-abcd-195f0d04fd52
PEUGEOT,308,,,,ed959545-fdf0-4ccd-90d4-3dfdfaba6dcb
PEUGEOT,206,"Fijo 2 botones ",https://www.transkey.com/wp-content/uploads/2021/07/PhotoRoom-20210728-133644-600x800.jpg,,97001a12-413b-4665-af40-32fa4fb195cb
PEUGEOT,408,"Fijo 2 botones ",https://http2.mlstatic.com/D_805511-MLA47819137913_102021-C.jpg,,d9fbebef-4f53-403e-9dbb-b97b9bd48628
PEUGEOT,208,Flip 3 botones con baul linea nueva,https://www.transkey.com/wp-content/uploads/2021/07/PhotoRoom-20210728-153248-600x800.jpg,,aad471b6-711f-4aeb-9d2e-6205bacc6596
PEUGEOT,PARTNER,,,,1690fc18-169b-4be0-a3b6-ebcea59667b8
PEUGEOT,206,,,,b00acfff-1777-44ad-ae26-64d8b8283272
PEUGEOT,3008,Flip 3 botones con baul linea nueva,https://www.transkey.com/wp-content/uploads/2021/07/PhotoRoom-20210728-153248-600x800.jpg,,728cfa25-9fc0-4902-b791-5d28447bea0f
PEUGEOT,3008,Flip 3 botones con faro linea nueva,https://www.transkey.com/wp-content/uploads/2021/07/PhotoRoom-20210728-145224-600x800.jpg,,f6d195c3-421a-4461-848b-48817e8cf0ea
PEUGEOT,3008,flip 3 botones con faro modelo viejo,https://www.transkey.com/wp-content/uploads/2024/09/LLAVES-20.png,,1e3d5cff-43ab-4dfe-87ed-f4b6c92ce539
PEUGEOT,508,Presencia 3 botones con baul,https://www.transkey.com/wp-content/uploads/2021/07/PhotoRoom-20210729-102212-600x800.jpg,,d7df8928-8bd4-4167-9496-8a23604e52f3
PEUGEOT,408,,,,38ba829f-0e9d-411c-bd87-559c4ecf9fe3
PEUGEOT,208,Presencia 3 botones con faro,https://www.transkey.com/wp-content/uploads/2024/09/LLAVES-19.png,,8fa1a3c8-e512-468a-b7d9-b23a69038759
PEUGEOT,5008,Flip 3 botones con baul linea nueva,https://www.transkey.com/wp-content/uploads/2021/07/PhotoRoom-20210728-153248-600x800.jpg,,1281852f-4765-4a27-921b-dab04aba2e8c
PEUGEOT,PARTNER,"Fijo 2 botones ",https://http2.mlstatic.com/D_805511-MLA47819137913_102021-C.jpg,,a9a89c46-dfca-433e-bb1b-1d73aa0bbf6a
PEUGEOT,206,,,,9cfca7a5-7310-4ef9-ae21-0c5c72038b2c
PEUGEOT,307,Flip 3 botones con faro linea nueva,https://www.transkey.com/wp-content/uploads/2021/07/PhotoRoom-20210728-145224-600x800.jpg,,533191ff-e9c6-4d34-8738-678f55241cf4
PEUGEOT,207,"Fijo 2 botones ",https://www.transkey.com/wp-content/uploads/2021/07/PhotoRoom-20210728-133644-600x800.jpg,,ed0b7279-19ef-4c0c-b3df-4a91007c2fb2
PEUGEOT,EXPERT,"Flip 3 botones ",https://www.transkey.com/wp-content/uploads/2021/07/PhotoRoom-20210728-140252-600x800.jpg,,c64c7062-c406-45fe-990c-0d4946a37a2d
PEUGEOT,407,,,,59fa26f5-541e-4660-8cec-406e43bf4f03
PEUGEOT,3008,flip 2 botones modelo viejo,https://www.transkey.com/wp-content/uploads/2021/07/PhotoRoom-20210728-140804-600x800.jpg,,9de80860-1881-4760-8f8b-1328a77ac744
PEUGEOT,207,,,,4934c258-83fa-4533-a4be-9ad59451d3e2
PEUGEOT,EXPERT,"Fijo 2 botones ",https://http2.mlstatic.com/D_805511-MLA47819137913_102021-C.jpg,,5d56c9a2-8c6a-453d-bdb0-12e3a32d6179
PEUGEOT,EXPERT,,,,ce4d4c3e-0a13-4efd-9345-95d806460278
PEUGEOT,5008,"Fijo 2 botones ",https://http2.mlstatic.com/D_805511-MLA47819137913_102021-C.jpg,,33d7d606-29ee-40f7-b23e-7ef77475b57e
PEUGEOT,308,Flip 2 botones modelo viejo,https://www.transkey.com/wp-content/uploads/2021/07/PhotoRoom-20210728-140804-600x800.jpg,,0cbc2b62-5b73-41cb-bc86-5379cf0f1142
PEUGEOT,407,Flip 3 botones con baul linea vieja,https://www.transkey.com/wp-content/uploads/2021/07/0-1.jpg,,09c435fa-d498-4ecf-9b6c-80adf92a86f8
PEUGEOT,308,Flip 3 botones con faro linea nueva,https://www.transkey.com/wp-content/uploads/2021/07/PhotoRoom-20210728-145224-600x800.jpg,,8af87d3a-0459-4629-bc94-6c73318c6045
PEUGEOT,207,,,,64555583-7f18-4824-8120-6af1b8c30336
PEUGEOT,PARTNER,Fijo 2 botones linea nueva,https://www.transkey.com/wp-content/uploads/2024/09/Peugeot-B78-01-450x450-2.jpg,,81033a60-0263-4a3e-9b4a-505d0bb8cb7d
PEUGEOT,307,"Fijo 2 botones ",https://http2.mlstatic.com/D_805511-MLA47819137913_102021-C.jpg,,35dc20b1-707b-4c89-8ed5-4e1e8be0be14
PEUGEOT,307,Flip 2 botones modelo viejo,https://www.transkey.com/wp-content/uploads/2021/07/PhotoRoom-20210728-140804-600x800.jpg,,b2db5790-3302-4617-b8c4-bbfc6bb19463
RAM,1500 PICK - UP,Presencia 3 botones,https://www.transkey.com/wp-content/uploads/2024/09/Chrysler-R11B-01-750x750-1-600x600.jpg,,e3a24ece-cebd-4a9c-b480-4cfa789fd8e8
RAM,2500 PICK - UP,Presencia 4 botones,https://safetylocksmithslv.com/wp-content/uploads/2018/09/ram-car-new-key-fob-replacement-1-772x1024.jpg,,4183b36d-83ba-4f94-b976-785f00658eee
RAM,2500 PICK - UP,Presencia 5 botones,https://images-na.ssl-images-amazon.com/images/I/31NU-DXdziL._UL500_.jpg,,4091b0a2-3c1f-473b-982f-9f04aeba3888
RAM,1500 PICK - UP,Presencia 4 botones,https://safetylocksmithslv.com/wp-content/uploads/2018/09/ram-car-new-key-fob-replacement-1-772x1024.jpg,,87fa4084-5dd8-473a-9596-6c34ee0e2fa5
RAM,1500 PICK - UP,Presencia 5 botones,https://images-na.ssl-images-amazon.com/images/I/31NU-DXdziL._UL500_.jpg,,50bfbcfa-fef2-44d6-9456-a9978bcf6ea1
RENAULT,LAGUNA,"Fijo 1 boton ",https://www.transkey.com/wp-content/uploads/2024/09/Renault-B06A-01-750x750-1-600x600.jpg,,9e8a3a1b-b978-45d0-a03c-cdd5a3143de6
RENAULT,LOGAN,Fijo 2 botones linea nueva,https://www.transkey.com/wp-content/uploads/2024/09/Renault-B32A2-01-750x750-1-600x600.jpg,,03c3f9f7-c815-4e22-98a0-d6f5c7554b4e
RENAULT,CLIO,"Fijo 2 botones ",https://www.transkey.com/wp-content/uploads/2021/07/PhotoRoom-20210730-154813-600x800.jpg,,071edefb-ff5e-4668-9515-686f53e61508
RENAULT,CLIO,"Fijo 1 boton ",https://www.transkey.com/wp-content/uploads/2024/09/Renault-B06A-01-750x750-1-600x600.jpg,,0cef3caa-d8ed-427b-ae94-4938e5aeb48b
RENAULT,LOGAN,"Fijo 2 botones ",https://www.transkey.com/wp-content/uploads/2021/07/PhotoRoom-20210730-154813-600x800.jpg,,0e4c8947-b271-479a-adcd-4d74085a7510
RENAULT,SANDERO STEPWAY,Fijo 3 botones linea nueva,https://www.transkey.com/wp-content/uploads/2024/09/Renault-B32B-01-750x750-1-600x600.jpg,,175c0b00-79e7-432d-827f-339cdc518a48
RENAULT,CAPTUR,,,,17945eb1-a860-4f96-8f7e-dc792bf923b8
RENAULT,MEGANE,Tarjeta 4 botones negro,https://www.transkey.com/wp-content/uploads/2021/07/PhotoRoom-20210730-160913-600x800.jpg,,17fee28c-c509-41aa-957b-d242228d4281
RENAULT,MEGANE III,Tarjeta 4 botones negro,https://www.transkey.com/wp-content/uploads/2021/07/PhotoRoom-20210730-160913-600x800.jpg,,1e8af92a-ca06-43d8-a26e-a5abe44b1967
RENAULT,KWID,Fijo 2 botones linea nueva,https://www.transkey.com/wp-content/uploads/2024/09/Renault-B32A2-01-750x750-1-600x600.jpg,,23d6e74c-7aef-45ab-a923-87ad721edcd6
RENAULT,LAGUNA,Tarjeta 2 botones gris,https://www.transkey.com/wp-content/uploads/2024/09/Renault-15A1-01-750x750-1-600x600.jpg,,33392281-85c6-49a1-875e-b3b21add6e46
RENAULT,CLIO,Fijo 2 botones modelo viejo,https://www.transkey.com/wp-content/uploads/2024/09/01-750x750-8-600x600.jpg,,35300f1a-13db-4b8f-8d0a-81ac8ec73630
RENAULT,FLUENCE,Tarjeta 4 botones negro,https://www.transkey.com/wp-content/uploads/2021/07/PhotoRoom-20210730-160913-600x800.jpg,,356107f3-61d6-42cb-b794-d8ce9f6964cd
RENAULT,SANDERO,Fijo 2 botones linea nueva,https://www.transkey.com/wp-content/uploads/2024/09/Renault-B32A2-01-750x750-1-600x600.jpg,,35c56b62-111f-4f5f-a66c-ad458648f34a
RENAULT,CLIO MIO,Fijo 2 botones modelo viejo,https://www.transkey.com/wp-content/uploads/2024/09/01-750x750-8-600x600.jpg,,39c3bbff-1e9e-413a-ad57-f85fed0e480a
RENAULT,KANGOO,"Fijo 1 boton ",https://www.transkey.com/wp-content/uploads/2024/09/Renault-B06A-01-750x750-1-600x600.jpg,,3d746f6e-005b-4f0f-8f7c-a4f44937bfce
RENAULT,MEGANE II,,,,40d7bbef-bc99-4a20-baaf-1a6917919037
RENAULT,SANDERO STEPWAY,Fijo 2 botones linea nueva,https://www.transkey.com/wp-content/uploads/2024/09/Renault-B32A2-01-750x750-1-600x600.jpg,,49773c2c-c6a3-42c9-b398-a1bdb1c6188e
RENAULT,MEGANE,,,,4a2d5de8-c77d-4613-b0c4-5890c82eb8ca
RENAULT,MEGANE,"Fijo 1 boton ",https://www.transkey.com/wp-content/uploads/2024/09/Renault-B06A-01-750x750-1-600x600.jpg,,4f756fe0-ef48-4124-8da8-0106a68f32f8
RENAULT,DUSTER,Fijo 2 botones linea nueva,https://www.transkey.com/wp-content/uploads/2024/09/Renault-B32A2-01-750x750-1-600x600.jpg,,509ab656-fa89-4505-a11d-9bae2d843f0e
RENAULT,CLIO MIO,"Fijo 2 botones ",https://www.transkey.com/wp-content/uploads/2021/07/PhotoRoom-20210730-154813-600x800.jpg,,52b82e6a-408d-4ca8-bbe3-fd431adc291e
RENAULT,LAGUNA,Tarjeta 3 botones gris,https://www.transkey.com/wp-content/uploads/2024/09/Renault-15B1-01-750x750-1-600x600.jpg,,56f3122b-b075-42aa-b2b3-ce8e9b62d535
RENAULT,CLIO MIO,"Fijo 1 boton ",https://www.transkey.com/wp-content/uploads/2024/09/Renault-B06A-01-750x750-1-600x600.jpg,,5fe638e1-bde6-449d-a9db-f858f08010c9
RENAULT,KOLEOS,Tarjeta 4 botones plateado,https://www.transkey.com/wp-content/uploads/2024/09/Renault-B30C-01-750x750-1-600x600.jpg,,648455a6-ad43-474d-894f-48645a3ecf09
RENAULT,KANGOO,Fijo 2 botones modelo viejo,https://www.transkey.com/wp-content/uploads/2024/09/01-750x750-8-600x600.jpg,,7855b00f-e311-4c7a-9066-c70efe7859c5
RENAULT,SYMBOL,"Fijo 2 botones ",https://www.transkey.com/wp-content/uploads/2021/07/PhotoRoom-20210730-154813-600x800.jpg,,8240969f-9885-4ae4-8e48-b9ef98be512d
RENAULT,SYMBOL,Fijo 2 botones modelo viejo,https://www.transkey.com/wp-content/uploads/2024/09/01-750x750-8-600x600.jpg,,827970ca-94fc-499c-a0bd-1bc07fcf1a7a
RENAULT,DUSTER,"Fijo 2 botones ",https://www.transkey.com/wp-content/uploads/2021/07/PhotoRoom-20210730-154813-600x800.jpg,,8bfd65f8-a690-4198-86ac-a13d6d70877d
RENAULT,DUSTER OROCH PICK - UP,"Fijo 2 botones ",https://www.transkey.com/wp-content/uploads/2021/07/PhotoRoom-20210730-154813-600x800.jpg,,8ca11a29-5132-4862-ba67-10e2b47b4a87
RENAULT,MEGANE III,"Fijo 1 boton ",https://www.transkey.com/wp-content/uploads/2024/09/Renault-B06A-01-750x750-1-600x600.jpg,,95df099a-a57a-428e-ae3e-8defcf1565c4
RENAULT,KOLEOS,Tarjeta 4 botones negro,https://www.transkey.com/wp-content/uploads/2021/07/PhotoRoom-20210730-160913-600x800.jpg,,964d827a-6a4e-403c-8303-4c39b15bb276
RENAULT,DUSTER,Fijo 3 botones linea nueva,https://www.transkey.com/wp-content/uploads/2024/09/Renault-B32B-01-750x750-1-600x600.jpg,,99c8aee5-2a92-440f-8c78-01d35f62d5c1
RENAULT,SYMBOL,"Fijo 1 boton ",https://www.transkey.com/wp-content/uploads/2024/09/Renault-B06A-01-750x750-1-600x600.jpg,,9c6c7478-0051-4301-8c95-acc447a945ee
RENAULT,KANGOO,"Fijo 2 botones ",https://www.transkey.com/wp-content/uploads/2021/07/PhotoRoom-20210730-154813-600x800.jpg,,9db7616c-ab26-4e66-b84a-ca3b3e837a8d
RENAULT,CAPTUR,Tarjeta 4 botones negro,https://www.transkey.com/wp-content/uploads/2021/07/PhotoRoom-20210730-160913-600x800.jpg,,b4f37da2-6898-459b-950b-d9ade6925298
RENAULT,KOLEOS,,,,b6bec7d0-b9c7-4141-826d-af7f2a47084b
RENAULT,FLUENCE,Flip 3 botones plateado,https://www.transkey.com/wp-content/uploads/2021/07/PhotoRoom-20210730-160722-600x800.jpg,,bcc19de3-c58a-430b-b0fd-bc7da1f2c2db
RENAULT,MEGANE III,,,,bf7f23c7-e119-4cdf-82aa-e04534ada741
RENAULT,KWID,Flip 3 botones linea nueva,https://www.transkey.com/wp-content/uploads/2024/09/Renault-B33A-01-750x750-1-300x300.jpg,,caff4345-55aa-4df1-92b2-1f0a084b8f4c
RENAULT,SANDERO,Fijo 3 botones linea nueva,https://www.transkey.com/wp-content/uploads/2024/09/Renault-B32B-01-750x750-1-600x600.jpg,,cca8fb5b-5a0b-47f4-a77c-0ed04bd23262
RENAULT,SANDERO STEPWAY,"Fijo 2 botones ",https://www.transkey.com/wp-content/uploads/2021/07/PhotoRoom-20210730-154813-600x800.jpg,,d7a604b7-a909-4333-a412-46129cfdc792
RENAULT,DUSTER OROCH PICK - UP,Fijo 3 botones linea nueva,https://www.transkey.com/wp-content/uploads/2024/09/Renault-B32B-01-750x750-1-600x600.jpg,,db559097-ef95-42ed-8135-8b60503a6624
RENAULT,KWID,Fijo 3 botones linea nueva,https://www.transkey.com/wp-content/uploads/2024/09/Renault-B32B-01-750x750-1-600x600.jpg,,eb7aea64-176d-4163-87df-5a82ce73936a
RENAULT,LOGAN,Fijo 3 botones linea nueva,https://www.transkey.com/wp-content/uploads/2024/09/Renault-B32B-01-750x750-1-600x600.jpg,,ec001228-d345-4227-96f7-e02b4f8946ba
RENAULT,SANDERO,"Fijo 2 botones ",https://www.transkey.com/wp-content/uploads/2021/07/PhotoRoom-20210730-154813-600x800.jpg,,ee147bec-3b06-41a8-a417-b0f1d96ae2eb
RENAULT,DUSTER OROCH PICK - UP,Fijo 2 botones linea nueva,https://www.transkey.com/wp-content/uploads/2024/09/Renault-B32A2-01-750x750-1-600x600.jpg,,f0c97961-37cd-4c12-a415-f25487816938
RENAULT,CAPTUR,Tarjeta 4 botones plateado,https://www.transkey.com/wp-content/uploads/2024/09/Renault-B30C-01-750x750-1-600x600.jpg,,f700fd05-40f8-48ae-96a2-4bdb818eb7ce
RENAULT,FLUENCE,Flip 2 botones plateado,https://www.transkey.com/wp-content/uploads/2021/07/PhotoRoom-20210730-160705-600x800.jpg,,f9290e0d-3d64-4552-9cf4-89fd54aef0f2
RENAULT,MEGANE II,"Fijo 1 boton ",https://www.transkey.com/wp-content/uploads/2024/09/Renault-B06A-01-750x750-1-600x600.jpg,,fccb2445-eafa-4823-a81c-4291fea1befb
RENAULT,MEGANE II,Tarjeta 4 botones negro,https://www.transkey.com/wp-content/uploads/2021/07/PhotoRoom-20210730-160913-600x800.jpg,,fdeee86d-2828-4c55-a0f8-ae6efe95846c
TOYOTA,YARIS,,,,f3782e37-8a04-4ac9-8029-8d5cfadfef0b
TOYOTA,ETIOS CROSS,Flip 3 botones con baul,https://www.transkey.com/wp-content/uploads/2024/09/Toyota-B65D-01-01-750x750-1-600x600.jpg,,5db54ae2-b2f8-44df-8b5d-d1da96efbfea
TOYOTA,HILUX SW4,Presencia 3 botones,https://www.transkey.com/wp-content/uploads/2024/09/125-280x280.png,,184d791d-728f-4109-b97a-11499209999c
TOYOTA,HILUX PICK - UP,Flip 3 botones con panico,https://www.transkey.com/wp-content/uploads/2024/09/118-300x300.png,,683b03b6-6be1-4758-8338-ca12d5322f12
TOYOTA,ETIOS,Flip 3 botones con baul,https://www.transkey.com/wp-content/uploads/2024/09/Toyota-B65D-01-01-750x750-1-600x600.jpg,,d95bff28-98cc-4990-9421-80ca0376c95f
TOYOTA,ETIOS,"Fijo 2 botones ",https://www.transkey.com/wp-content/uploads/2024/09/Toyota-B47A-01-750x750-1-600x600.jpg,,d7fa871d-f0d3-4d30-a4e9-40bbb7a0532b
TOYOTA,ETIOS CROSS,"Fijo 2 botones ",https://www.transkey.com/wp-content/uploads/2024/09/Toyota-B47A-01-750x750-1-600x600.jpg,,13e5d6ff-ff96-4a32-a212-1c683cb3b438
TOYOTA,RAV - 4,Presencia 3 botones con baul,https://www.transkey.com/wp-content/uploads/2024/09/123-280x280.png,,e654ba00-83b2-43e0-abd7-0e3d769c47ac
TOYOTA,YARIS,"Fijo 2 botones ",https://www.transkey.com/wp-content/uploads/2024/09/Toyota-B47A-01-750x750-1-600x600.jpg,,110c13a5-aa65-4ffb-af1a-1dfc7175be67
TOYOTA,HILUX SW4,Flip 3 botones linea nueva,https://www.transkey.com/wp-content/uploads/2024/09/118-280x280.png,,3136b8cb-3532-4edf-ba9f-9a92b44499bb
TOYOTA,HILUX SW4,"Fijo 2 botones ",https://www.transkey.com/wp-content/uploads/2024/09/Toyota-B47A-01-750x750-1-600x600.jpg,,4f951153-aa71-4356-943a-8d19238f1ace
TOYOTA,COROLLA,Flip 3 botones con panico,https://www.transkey.com/wp-content/uploads/2024/09/118.png,,6626569f-44d8-4c52-be15-2777ebb359ee
TOYOTA,HILUX PICK - UP,Presencia 3 botones con panico,https://www.transkey.com/wp-content/uploads/2024/09/125-300x300.png,,43662511-fe91-4065-b7fe-c56514b7ba43
TOYOTA,YARIS,Presencia 3 botones con baul,https://www.transkey.com/wp-content/uploads/2024/09/123-280x280.png,,3b8ef50a-06f3-4600-b753-e1944a157285
TOYOTA,HILUX PICK - UP,Flip 3 botones con baul linea nueva,https://www.transkey.com/wp-content/uploads/2024/09/Toyota-B65D-01-01-750x750-1-600x600.jpg,,0f4d7a7f-4b2e-42d7-9738-96c622230a1e
TOYOTA,HILUX PICK - UP,Fijo 3 botones con panico,https://www.transkey.com/wp-content/uploads/2024/09/Toyota-B13C-01-750x750-1-600x600.jpg,,6ad086cd-aea4-407d-bdf0-48b3e60b80d6
TOYOTA,RAV - 4,Fijo 2 botones,https://www.transkey.com/wp-content/uploads/2024/09/Toyota-B20-01-750x750-1-600x600.jpg,,7de9916e-1ae7-45c5-9de2-50210b7008c0
TOYOTA,COROLLA,Flip 3 botones con baul,https://www.transkey.com/wp-content/uploads/2024/09/Toyota-B65D-01-01-750x750-1-600x600.jpg,,9e637235-ca00-4ea7-9e78-7be5abbd01dc
TOYOTA,HILUX SW4,"Presencia 4 botones  ",https://www.transkey.com/wp-content/uploads/2024/09/122-280x280.png,,6a45ab7d-a7ef-44c8-a6e9-6c27d0e0ddfb
TOYOTA,COROLLA,Presencia 2 botones linea vieja,https://www.transkey.com/wp-content/uploads/2024/09/124.png,,ce532329-8f0e-4a84-8b91-14d7c76adfe5
TOYOTA,ETIOS,,,,c626f5cd-1649-4cd0-abc5-eee53cb979cb
TOYOTA,RAV - 4,Fijo 3 botones,https://www.transkey.com/wp-content/uploads/2024/09/Toyota-B13C-01-750x750-1-600x600.jpg,,f7301248-8752-4b34-94b4-3052272a8705
VOLKSWAGEN,SANTANA,Flip 2 botones,https://www.transkey.com/wp-content/uploads/2024/09/VW-R202CE-01-750x750-1-600x600.jpg,,826de5a6-dfa7-4ca8-bb73-d3f6395e73eb
VOLKSWAGEN,UP!,Flip 2 botones,https://www.transkey.com/wp-content/uploads/2024/09/VW-R202CE-01-750x750-1-600x600.jpg,,fcd05a42-172f-424c-9e66-1f6479f04d2a
VOLKSWAGEN,THE BEETLE,"Flip 3 botones ",https://www.transkey.com/wp-content/uploads/2024/09/128-280x280.png,,7cf8cdcf-57f9-4a97-a0f2-43e11e390724
VOLKSWAGEN,FOX,"Fijo 2 botones linea vieja ",https://www.transkey.com/wp-content/uploads/2024/09/49-280x280.png,,d88fe96e-6f17-47fb-8369-bf3d8e382573
VOLKSWAGEN,PASSAT VARIANT,,,,7bc90611-3fe5-489d-94c4-73d4a31d7613
VOLKSWAGEN,GOLF,Flip 2 botones,https://www.transkey.com/wp-content/uploads/2024/09/VW-R202CE-01-750x750-1-600x600.jpg,,7984a3d5-7211-4c38-85eb-56f09235b8ab
VOLKSWAGEN,TRANSPORTER,"Flip 3 botones ",https://www.transkey.com/wp-content/uploads/2024/09/128-280x280.png,,d95166b3-b6de-4da1-a2b0-3b87b07123f7
VOLKSWAGEN,SAVEIRO PICK - UP,Flip 2 botones,https://www.transkey.com/wp-content/uploads/2024/09/VW-R202CE-01-750x750-1-600x600.jpg,,78f74113-8357-4457-a660-75b415d1be4b
VOLKSWAGEN,CROSSFOX,"Flip 3 botones ",https://www.transkey.com/wp-content/uploads/2024/09/128-280x280.png,,72da176f-89b7-410a-af7e-b77a890d05d4
VOLKSWAGEN,TIGUAN,,,,daa5a2cb-02c5-4b96-87c7-29ed36176393
VOLKSWAGEN,CADDY,,,,0dd42638-d170-427f-8057-0a5934970a86
VOLKSWAGEN,TIGUAN,"Flip 3 botones ",https://www.transkey.com/wp-content/uploads/2024/09/128-280x280.png,,6f65f8a6-231d-4304-b722-e8500d3c82ff
VOLKSWAGEN,TOUAREG,,,,6ee783b1-7e72-4f90-98e4-efd1ce42d857
VOLKSWAGEN,VIRTUS,Flip 2 botones,https://www.transkey.com/wp-content/uploads/2024/09/VW-R202CE-01-750x750-1-600x600.jpg,,6c273846-7646-4a37-8722-647f862aaa24
VOLKSWAGEN,SURAN,"Flip 3 botones ",https://www.transkey.com/wp-content/uploads/2024/09/128-280x280.png,,6bbff4cb-55f2-4b00-af6f-bf14ead25041
VOLKSWAGEN,GOL,Flip 2 botones,https://www.transkey.com/wp-content/uploads/2024/09/VW-R202CE-01-750x750-1-600x600.jpg,,6a909de2-cc5b-4896-a3a1-8f574ba67d1d
VOLKSWAGEN,PASSAT,,,,6a5ffb88-e8d3-4876-93d8-c66516581224
VOLKSWAGEN,VENTO,Flip 3 botones linea nueva,https://www.transkey.com/wp-content/uploads/2024/09/127-280x280.png,,f384d596-fbac-44c7-93b3-ceb855b673c1
VOLKSWAGEN,VIRTUS,Flip 3 botones linea nueva,https://www.transkey.com/wp-content/uploads/2024/09/127-280x280.png,,67aeca59-0f1f-4b90-b59a-63f5ade1c679
VOLKSWAGEN,THE BEETLE,Flip 2 botones,https://www.transkey.com/wp-content/uploads/2024/09/VW-R202CE-01-750x750-1-600x600.jpg,,66f89136-e67b-4cc6-bb6f-627fd6850ad4
VOLKSWAGEN,SAVEIRO PICK - UP,"Fijo 2 botones linea vieja ",https://www.transkey.com/wp-content/uploads/2024/09/49-280x280.png,,6503e0b6-94a6-4ad4-b2f1-8d53f0fc5195
VOLKSWAGEN,POLO,Flip 3 botones linea nueva,https://www.transkey.com/wp-content/uploads/2024/09/127-280x280.png,,e8fd31d0-764b-4f15-9036-775f6ff5c23e
VOLKSWAGEN,AMAROK PICK - UP,Flip 2 botones,https://www.transkey.com/wp-content/uploads/2024/09/VW-R202CE-01-750x750-1-600x600.jpg,,641388b1-7eef-43b5-8e23-3f459e8d9a0c
VOLKSWAGEN,T-CROSS,"Fijo 2 botones linea vieja ",https://www.transkey.com/wp-content/uploads/2024/09/49-280x280.png,,e9ddd460-fe53-4b19-a7ef-64c527567554
VOLKSWAGEN,PASSAT VARIANT,"Flip 3 botones ",https://www.transkey.com/wp-content/uploads/2024/09/128-280x280.png,,6350c833-dad1-4687-90ad-0e928785bd04
VOLKSWAGEN,POLO,Flip 2 botones,https://www.transkey.com/wp-content/uploads/2024/09/VW-R202CE-01-750x750-1-600x600.jpg,,0b6752a7-d607-4804-b7e6-7902bb497c99
VOLKSWAGEN,POLO CLASSIC,Vlsp 4 f8-280xnfs,https://www.transkey.com/wp-content/uploads/2024/09/128-280x280.png,,ebb8de54-b23d-4e77-8e25-857b893cf045
VOLKSWAGEN,PASSAT,Presencia 3 botones plateado,https://www.transkey.com/wp-content/uploads/2024/09/VW-R10D-01-750x750-1-600x600.jpg,,5d2a6540-108b-4f68-9517-e2626156aad2
VOLKSWAGEN,NEW BEETLE,Flip 2 botones,https://www.transkey.com/wp-content/uploads/2024/09/VW-R202CE-01-750x750-1-600x600.jpg,,066b0563-7aa7-4a38-8ca8-2563a79c1820
VOLKSWAGEN,VOYAGE,"Flip 3 botones ",https://www.transkey.com/wp-content/uploads/2024/09/128-280x280.png,,5810d499-95b4-4e56-977e-42f9e900e4fe
VOLKSWAGEN,BORA,"Fijo 2 botones linea vieja ",https://www.transkey.com/wp-content/uploads/2024/09/49-280x280.png,,474623e5-4f31-4f85-abd3-d3c6167bc5a1
VOLKSWAGEN,TOUAREG,Presencia 3 botones con baul,https://www.transkey.com/wp-content/uploads/2024/09/126-280x280.png,,048e98ee-8f20-4936-bdfc-e310c9aaa4d5
VOLKSWAGEN,T-CROSS,"Flip 3 botones ",https://www.transkey.com/wp-content/uploads/2024/09/128-280x280.png,,37d83b3b-f67e-4133-8125-3c467c2ca214
VOLKSWAGEN,GOLF,Flip 3 botones linea nueva,https://www.transkey.com/wp-content/uploads/2024/09/127-280x280.png,,373b1b85-af8f-4934-9b1e-f60fb4aa91fe
VOLKSWAGEN,SAVEIRO PICK - UP CROSS,"Fijo 2 botones linea vieja ",https://www.transkey.com/wp-content/uploads/2024/09/49-280x280.png,,ef1fdfe6-9029-48c4-9376-c893b144a4cc
VOLKSWAGEN,VOYAGE,Flip 2 botones,https://www.transkey.com/wp-content/uploads/2024/09/VW-R202CE-01-750x750-1-600x600.jpg,,35db381b-4cdb-4611-ac7a-2307081260ff
VOLKSWAGEN,PASSAT CC,,,,32feb3e1-e05b-48c4-97f9-f64a086229b2
VOLKSWAGEN,THE BEETLE,Flip 3 botones linea nueva,https://www.transkey.com/wp-content/uploads/2024/09/127-280x280.png,,efc0ea31-7cb3-478f-abc8-811ca5340218
VOLKSWAGEN,GOLF,"Flip 3 botones ",https://www.transkey.com/wp-content/uploads/2024/09/128-280x280.png,,f0ae1fa1-0dd9-4f86-a62d-47ad1453fe3d
VOLKSWAGEN,GOL TREND,"Fijo 2 botones linea vieja ",https://www.transkey.com/wp-content/uploads/2024/09/49-280x280.png,,ff2cdca5-d22c-4935-9064-e63cdaa349cd
VOLKSWAGEN,AMAROK PICK - UP,,,,f11cf386-a1e4-4c0e-a3a6-f0368ad36d4c
VOLKSWAGEN,POLO CLASSIC,Flip 2 botones,https://www.transkey.com/wp-content/uploads/2024/09/VW-R202CE-01-750x750-1-600x600.jpg,,31743f7c-c0a8-4837-834a-e8c6a4564ef8
VOLKSWAGEN,POLO,"Flip 3 botones ",https://www.transkey.com/wp-content/uploads/2024/09/128-280x280.png,,2d8134b4-ff55-46d4-be89-f766a3044a16
VOLKSWAGEN,TRANSPORTER,Flip 3 botones linea nueva,https://www.transkey.com/wp-content/uploads/2024/09/127-280x280.png,,26c00636-74ef-4fe4-85aa-9e35957fd62b
VOLKSWAGEN,BORA,Flip 2 botones,https://www.transkey.com/wp-content/uploads/2024/09/VW-R202CE-01-750x750-1-600x600.jpg,,f5a81f3e-1426-4fad-8f86-3304e66cf2e3
VOLKSWAGEN,SANTANA,"Fijo 2 botones linea vieja ",https://www.transkey.com/wp-content/uploads/2024/09/49-280x280.png,,24814509-e21a-411a-860b-ab7437845e9b
VOLKSWAGEN,GOL TREND,Flip 2 botones,https://www.transkey.com/wp-content/uploads/2024/09/VW-R202CE-01-750x750-1-600x600.jpg,,22f49d49-b6d4-4262-9960-00d8b3ac862c
VOLKSWAGEN,VENTO VARIANT,Flip 3 botones linea nueva,https://www.transkey.com/wp-content/uploads/2024/09/127-280x280.png,,20f3a63e-de47-4c37-bfaf-4d206ffd046c
VOLKSWAGEN,PASSAT CC,"Flip 3 botones ",https://www.transkey.com/wp-content/uploads/2024/09/128-280x280.png,,1e8db186-039b-4f17-b580-7e293166f576
VOLKSWAGEN,TOUAREG,,,,91dfc640-07c6-4ef0-93dd-0a33bc016403
VOLKSWAGEN,SURAN CROSS,,,,f6dcc0fd-9119-47d1-968b-20e37a63b7bf
VOLKSWAGEN,SURAN CROSS,"Flip 3 botones ",https://www.transkey.com/wp-content/uploads/2024/09/128-280x280.png,,03f87382-fb2f-46b9-88ef-5e3d05ebd897
VOLKSWAGEN,GOL COUNTRY,"Flip 3 botones ",https://www.transkey.com/wp-content/uploads/2024/09/128-280x280.png,,1d55a7b5-0467-466f-b54d-ce9a10f115b0
VOLKSWAGEN,UP!,,,,1c33525f-8663-493c-a647-c933d3cdb6de
VOLKSWAGEN,PASSAT CC,Presencia 3 botones plateado,https://www.transkey.com/wp-content/uploads/2024/09/VW-R10D-01-750x750-1-600x600.jpg,,157badef-f45d-4059-bb38-b584d221b43f
VOLKSWAGEN,CADDY,,,,03e73a18-16b5-4a20-9674-94dfd4ab358b
VOLKSWAGEN,TIGUAN,Flip 3 botones linea nueva,https://www.transkey.com/wp-content/uploads/2024/09/127-280x280.png,,15024bf9-b841-4819-86cb-2429c01a3fcc
VOLKSWAGEN,SURAN,Flip 2 botones,https://www.transkey.com/wp-content/uploads/2024/09/VW-R202CE-01-750x750-1-600x600.jpg,,1366d14e-dbe3-433e-aa73-3d400f65be0c
VOLKSWAGEN,SURAN CROSS,Flip 2 botones,https://www.transkey.com/wp-content/uploads/2024/09/VW-R202CE-01-750x750-1-600x600.jpg,,0fa3d5b6-2280-49b9-83b4-5c9976367c40
VOLKSWAGEN,FOX,Flip 2 botones,https://www.transkey.com/wp-content/uploads/2024/09/VW-R202CE-01-750x750-1-600x600.jpg,,be855420-f560-41fa-bbbc-b41128bed370
VOLKSWAGEN,PASSAT VARIANT,Presencia 3 botones plateado,https://www.transkey.com/wp-content/uploads/2024/09/VW-R10D-01-750x750-1-600x600.jpg,,bc76f370-c873-485d-9ac8-1f2cb58a0ad1
VOLKSWAGEN,GOL,"Flip 3 botones ",https://www.transkey.com/wp-content/uploads/2024/09/128-280x280.png,,ba08f4e1-6514-47d1-a866-eb88735951ce
VOLKSWAGEN,VENTO,"Flip 3 botones ",https://www.transkey.com/wp-content/uploads/2024/09/128-280x280.png,,b8e34a70-c4a9-4ca7-9337-f43654d4503b
VOLKSWAGEN,GOL COUNTRY,"Fijo 2 botones linea vieja ",https://www.transkey.com/wp-content/uploads/2024/09/49-280x280.png,,b7cc0b08-1a19-4413-b910-6f3cd4dbdb84
VOLKSWAGEN,GOL TREND,"Flip 3 botones ",https://www.transkey.com/wp-content/uploads/2024/09/128-280x280.png,,b30285cb-d53f-4c83-856f-a59add86ca01
VOLKSWAGEN,SAVEIRO PICK - UP CROSS,Flip 2 botones,https://www.transkey.com/wp-content/uploads/2024/09/VW-R202CE-01-750x750-1-600x600.jpg,,acf1cb38-1ae8-4865-8fda-2193ac180a9b
VOLKSWAGEN,NEW BEETLE,,,,a7c4ef8d-c4c4-49d9-97c0-a9745689f2b9
VOLKSWAGEN,FOX,"Flip 3 botones ",https://www.transkey.com/wp-content/uploads/2024/09/128-280x280.png,,c5ae64e4-dc9f-45ab-ae06-cfe2a0812489
VOLKSWAGEN,BORA,"Flip 3 botones ",https://www.transkey.com/wp-content/uploads/2024/09/128-280x280.png,,a76c4633-cbf4-4268-81cb-c9eb00e03ec3
VOLKSWAGEN,SCIROCCO,Flip 2 botones,https://www.transkey.com/wp-content/uploads/2024/09/VW-R202CE-01-750x750-1-600x600.jpg,,a6dfee43-1a94-4957-adfb-c93e2f74805c
VOLKSWAGEN,GOL COUNTRY,Flip 2 botones,https://www.transkey.com/wp-content/uploads/2024/09/VW-R202CE-01-750x750-1-600x600.jpg,,a766ddaf-4abf-4f97-8083-edff1085aa18
VOLKSWAGEN,SAVEIRO PICK - UP,"Flip 3 botones ",https://www.transkey.com/wp-content/uploads/2024/09/128-280x280.png,,a4dfa1a7-bfa5-426f-a2cb-e4aa49e90c74
VOLKSWAGEN,VENTO VARIANT,"Flip 3 botones ",https://www.transkey.com/wp-content/uploads/2024/09/128-280x280.png,,a38cd705-6b8e-4daa-baf6-8ed5cd5ba4d6
VOLKSWAGEN,GOL,"Fijo 2 botones linea vieja ",https://www.transkey.com/wp-content/uploads/2024/09/49-280x280.png,,a121d9ae-8a87-46a6-9fe2-50fc95a4fa4f
VOLKSWAGEN,TRANSPORTER,Flip 2 botones,https://www.transkey.com/wp-content/uploads/2024/09/VW-R202CE-01-750x750-1-600x600.jpg,,cb16d4ea-d73d-495f-b606-0ff3ebce0fe9
VOLKSWAGEN,CROSSFOX,Flip 2 botones,https://www.transkey.com/wp-content/uploads/2024/09/VW-R202CE-01-750x750-1-600x600.jpg,,cb8d0b15-0ac0-44ba-9165-fec9e78a53b4
VOLKSWAGEN,UP!,"Flip 3 botones ",https://www.transkey.com/wp-content/uploads/2024/09/128-280x280.png,,fe64f56c-3275-4097-8050-6b89febdc1a2
VOLKSWAGEN,CROSSFOX,"Fijo 2 botones linea vieja ",https://www.transkey.com/wp-content/uploads/2024/09/49-280x280.png,,a11caa0c-afa5-47d9-9f9d-cd96d53c6f7e
VOLKSWAGEN,AMAROK PICK - UP,"Flip 3 botones ",https://www.transkey.com/wp-content/uploads/2024/09/128-280x280.png,,ce53e35f-e700-4cba-8d0e-52b4a1db9e0b
VOLKSWAGEN,SANTANA,"Flip 3 botones ",https://www.transkey.com/wp-content/uploads/2024/09/128-280x280.png,,9e135724-c76c-4669-85e9-6030e2eda368
VOLKSWAGEN,VENTO,Flip 2 botones,https://www.transkey.com/wp-content/uploads/2024/09/VW-R202CE-01-750x750-1-600x600.jpg,,9de2ea0c-cdad-4475-8364-f663237e5081
VOLKSWAGEN,SURAN,,,,9b46f223-9e3b-442c-9abb-17865d288e05
VOLKSWAGEN,T-CROSS,Flip 2 botones,https://www.transkey.com/wp-content/uploads/2024/09/VW-R202CE-01-750x750-1-600x600.jpg,,d178ae24-b11d-4286-84c0-1a9dcc0e874e
VOLKSWAGEN,SCIROCCO,"Flip 3 botones ",https://www.transkey.com/wp-content/uploads/2024/09/128-280x280.png,,93dd62ec-25dc-4ea9-ba09-68b00045ad5d
VOLKSWAGEN,VENTO VARIANT,Flip 2 botones,https://www.transkey.com/wp-content/uploads/2024/09/VW-R202CE-01-750x750-1-600x600.jpg,,d226e0be-6a0a-4640-bb1c-2fb9d33629ed
VOLKSWAGEN,SAVEIRO PICK - UP CROSS,"Flip 3 botones ",https://www.transkey.com/wp-content/uploads/2024/09/128-280x280.png,,93ac5c1a-d77c-4713-81a8-ce307131001d
VOLKSWAGEN,SCIROCCO,,,,8f6e10d9-0661-42bb-86cc-c064647d5603
VOLKSWAGEN,NEW BEETLE,"Flip 3 botones ",https://www.transkey.com/wp-content/uploads/2024/09/128-280x280.png,,8ee80e8e-a868-4c5d-9328-7ee172f41203
VOLKSWAGEN,PASSAT,"Flip 3 botones ",https://www.transkey.com/wp-content/uploads/2024/09/128-280x280.png,,d6a49673-901e-4f88-a505-4a9eccd12909
VOLKSWAGEN,POLO CLASSIC,"Fijo 2 botones linea vieja ",https://www.transkey.com/wp-content/uploads/2024/09/49-280x280.png,,8ce4948d-3868-4a57-8777-c374f0714206
VOLKSWAGEN,VIRTUS,"Flip 3 botones ",https://www.transkey.com/wp-content/uploads/2024/09/128-280x280.png,,8877eac9-3742-44ae-b053-5b4494271b41
VOLKSWAGEN,CADDY,,,,87c35bd6-bad5-4ca6-8c3b-1243e55fa7d7