id,brand,model,image_url,description,created_at
004e00c4-4152-4b30-9e37-352dcf0ce252,CHEVROLET,CELTA,https://remokeys.com.ar/cdn/shop/files/LLGM016.jpg?v=1697736214,,
015d555f-2cc4-4150-b479-ed95474df178,CHEVROLET,CELTA,https://www.transkey.com/wp-content/uploads/2024/05/PhotoRoom_20220921_111214-e1715036424389-300x300.jpg,,
021483ff-3404-4b1a-aedc-12bd7a9da6b1,TOYOTA,YARIS,https://iqkeysupply.com/cdn/shop/products/original-toyota-transponder-key-g-chip-13_1_800x.jpg?v=1657983111,"Fija ",
03217d44-af5f-4caf-b806-1cdd99ee175d,CHEVROLET,CRUZE,https://www.transkey.com/wp-content/uploads/2024/05/PhotoRoom_20220922_115752-e1715036383820-300x300.jpg,,
0629f5ae-aaa0-45f6-b52e-beb86dfae499,FORD,ECOSPORT,https://www.transkey.com/wp-content/uploads/2024/05/58-300x300.png,mapa azul,
09a40c29-f087-4d20-ab28-142b5345f832,TOYOTA,ETIOS,https://www.transkey.com/wp-content/uploads/2024/09/Toyota-B33B-01-750x750-1-600x600.jpg,,
0c8ebb80-481a-4e20-8295-7ca590bd39d5,CHEVROLET,S-10 PICK - UP,https://www.transkey.com/wp-content/uploads/2024/09/Chevrolet-B04B-01-750x750-1-300x300.jpg,,
0ecde8ee-b8ef-46be-a295-bdccf6e04718,SUZUKI,VITARA,https://www.transkey.com/wp-content/uploads/2024/09/Suzuki-B10-01-750x750-1-600x600.jpg,,
0f316eaf-29fd-4e84-97d6-d93379796d8a,TOYOTA,86,https://www.transkey.com/wp-content/uploads/2024/09/Toyota-B33B-01-750x750-1-600x600.jpg,,
0ff21699-c3d0-4c6d-b341-58a23d0fade7,HONDA,HR-V,https://www.transkey.com/product/llave-porta-chip-honda-mapa-hon66/,,
104f812d-af02-4a88-bd8c-b3c72123f0f1,PEUGEOT,307,https://www.transkey.com/wp-content/uploads/2024/09/Peugeot-B11-01-750x750-1-600x600.jpg,mapa ln,
1185022d-95a3-4216-a504-66f0b537299d,PEUGEOT,5008,https://www.transkey.com/wp-content/uploads/2024/09/Peugeot-B11-01-750x750-1-600x600.jpg,mapa ln,
13de6caa-18d2-48c6-8b37-709ce091f24f,FORD,MONDEO,https://www.transkey.com/wp-content/uploads/2024/05/59-300x300.png,,
141bec3d-cc6b-4cd4-960f-77993e0ca716,FORD,FIESTA KINETIC DESIGN ATTRACTION,https://www.transkey.com/wp-content/uploads/2024/05/61-300x300.png,,
146acd2b-1282-46d1-b417-e7d0345ba8b3,TOYOTA,HILUX PICK - UP,https://www.transkey.com/wp-content/uploads/2024/09/Toyota-B33B-01-750x750-1-600x600.jpg,,
15e0d7b0-364a-40d1-a878-891ee471c9cc,VOLKSWAGEN,TOUAREG,https://remokeys.com.ar/cdn/shop/files/LLVW001_1.webp?v=1701705830,"Fija ",
164c2228-ffcb-4dc2-a387-80915a9e5b68,FIAT,BRAVO,https://www.transkey.com/wp-content/uploads/2024/09/Fiat-B26-01-750x750-1-600x600.jpg,,
16beed2e-552f-4756-9a8f-442fd17ac9ce,VOLKSWAGEN,VENTO,https://remokeys.com.ar/cdn/shop/files/LLVW001_1.webp?v=1701705830,"Fija ",
178ef12f-8d3e-4d33-b79c-906b0920b3f6,FORD,TRANSIT,https://www.transkey.com/wp-content/uploads/2024/05/59-300x300.png,,
18912fd7-e6b5-4344-b7a0-7d90e9ae64a5,RENAULT,SYMBOL,https://www.transkey.com/wp-content/uploads/2024/09/Renault-B28A-01-750x750-1-600x600.jpg,,
199b9e97-04cb-409b-9542-b1dfb67c070c,FIAT,SIENA,https://www.transkey.com/wp-content/uploads/2024/05/Photoroom_20240425_152948-300x300.jpg,dentada azul,
1a1e07c4-8597-42da-9632-717dda6b2e4d,FORD,ECOSPORT,https://www.transkey.com/wp-content/uploads/2024/05/60-300x300.png,"dentada ",
1b1099f8-5291-49b1-99ac-6417cd1f13bd,VOLKSWAGEN,SCIROCCO,https://www.transkey.com/wp-content/uploads/2024/09/VW-Brazil-05-01-1-750x750-1-600x600.jpg,Flip sin boton,
209ed783-e78f-42c4-8265-b251e91ae132,VOLKSWAGEN,VOYAGE,https://remokeys.com.ar/cdn/shop/files/LLVW001_1.webp?v=1701705830,"Fija ",
20d11425-2b30-4491-ba2e-975dbbb73091,HONDA,ACCORD,https://www.transkey.com/product/llave-porta-chip-honda-mapa-hon66/,,
233fa8e5-9af7-4a24-b9b8-a02863674ead,FORD,RANGER PICK - UP,https://www.transkey.com/wp-content/uploads/2024/05/PhotoRoom_20220922_121427-300x300.jpg,,
23980a5e-7274-43d2-808d-c1616e669f86,PEUGEOT,308,https://www.transkey.com/wp-content/uploads/2024/09/Peugeot-B10B-01-750x750-1-600x600.jpg,mapa lv,
245bfdef-2a16-4562-9a4c-bf558362b980,CITROEN,C 4 LOUNGE,https://www.transkey.com/wp-content/uploads/2024/09/Citroen-B05C-01-750x750-1-300x300.jpg,,
24d9848f-4638-425f-bb83-a8fae01672d0,FIAT,ARGO,https://www.transkey.com/wp-content/uploads/2024/09/Fiat-B26-01-750x750-1-600x600.jpg,,
25d441ee-e104-4208-8415-7e24c14352e1,VOLKSWAGEN,GOL,https://www.transkey.com/wp-content/uploads/2024/09/VW-Brazil-05-01-1-750x750-1-600x600.jpg,Flip sin boton,
25e0b1a3-d6d8-4811-934f-c474d33e22c0,PEUGEOT,2008,https://www.transkey.com/wp-content/uploads/2024/09/Peugeot-B10B-01-750x750-1-600x600.jpg,mapa lv,
265bd294-6d98-41a7-b961-8ae00e79f7ea,VOLKSWAGEN,SANTANA,https://www.transkey.com/wp-content/uploads/2024/09/VW-Brazil-05-01-1-750x750-1-600x600.jpg,Flip sin boton,
275718aa-351a-45e7-a4f6-4e33f1cba675,PEUGEOT,206,https://www.transkey.com/wp-content/uploads/2024/09/Peugeot-B09-01-750x750-1-600x600.jpg,dentada,
279cc0e1-d13a-42f1-ad48-ca084bbdee74,RENAULT,MEGANE III,https://www.transkey.com/wp-content/uploads/2024/09/LLAVES-10.png,,
279da511-bff7-46d4-944d-11d1f50c1b07,HYUNDAI,TUCSON,https://www.transkey.com/wp-content/uploads/2024/09/Hyundai-B06-01-750x750-1-600x600.jpg,,
2827a7b9-376d-42f3-b736-cccc4c388eb8,FIAT,TIPO,https://www.transkey.com/wp-content/uploads/2024/09/Fiat-B27-01-750x750-1-600x600.jpg,"dentada ",
29113d12-bdec-46b2-a2c8-48a984a98471,VOLKSWAGEN,PASSAT VARIANT,https://remokeys.com.ar/cdn/shop/files/LLVW001_1.webp?v=1701705830,"Fija ",
2a11bb17-efd8-4e3c-9c0a-f00e0bc0d8d6,FIAT,BRAVO,https://www.transkey.com/wp-content/uploads/2024/09/Fiat-B27-01-750x750-1-600x600.jpg,,
2aaaf10e-b346-4708-bcfe-6ca2916937bd,CHEVROLET,S-10 PICK - UP,https://www.transkey.com/wp-content/uploads/2024/05/PhotoRoom_20220921_110616-e1715036459336-300x300.jpg,,
2be005c7-e27c-49e2-851b-29cd68309747,PEUGEOT,308,https://www.transkey.com/wp-content/uploads/2024/09/Peugeot-B11-01-750x750-1-600x600.jpg,mapa ln,
2e00ab13-84dc-4821-bb8f-1d3a8deb89b0,FIAT,500,https://www.transkey.com/wp-content/uploads/2024/09/Fiat-B26-01-750x750-1-600x600.jpg,,
2e6d2609-1360-4916-8760-cf8080b83cd2,NISSAN,XTERRA,https://cdn.z1offroad.com/images/H0564ET000_Nissan_Xterra_Pathfinder_Frontier_Armada_Titan_Master_Key_Replacement_Z1_1.jpg,,
2edba318-edd1-4b2f-b7d9-e7978aaece7f,VOLKSWAGEN,T-CROSS,https://www.transkey.com/wp-content/uploads/2024/09/VW-Brazil-05-01-1-750x750-1-600x600.jpg,Flip sin boton,
2fe014cb-350c-409d-9bc3-2f8a062188b6,CHEVROLET,VECTRA,https://www.transkey.com/wp-content/uploads/2024/05/PhotoRoom_20220922_115752-e1715036383820-300x300.jpg,,
30a5494b-2bb7-4860-a628-5c0611625e0a,FORD,ECOSPORT KINETIC DESIGN ATTRACTION,https://www.transkey.com/wp-content/uploads/2024/05/61-300x300.png,,
30abcc2d-ac22-4931-80e6-48b893fe174b,PEUGEOT,PARTNER,https://www.transkey.com/wp-content/uploads/2024/09/Peugeot-B31H-01-750x750-1-600x600.jpg,,
30e9f12c-6941-4ed4-9e97-27d33cca208f,VOLKSWAGEN,VIRTUS,https://remokeys.com.ar/cdn/shop/files/LLVW001_1.webp?v=1701705830,,
318df7db-f701-4972-83b8-355bbdd995b4,HYUNDAI,i 30,https://www.transkey.com/wp-content/uploads/2024/09/Hyundai-B04-01-750x750-1-600x600.jpg,,
31c99f05-fd5d-42b7-b42c-ce3b7192768b,FIAT,PALIO,https://www.transkey.com/wp-content/uploads/2024/09/Fiat-B27-01-750x750-1-600x600.jpg,,
3295c5f6-a972-4522-95ca-53132e07d81c,FIAT,STRADA PICK - UP,https://www.transkey.com/wp-content/uploads/2024/09/Fiat-B01B-01-750x750-1-600x600.jpg,mapa azul,
332b0c16-2da6-49ff-ba50-f7f089fd8eb0,HYUNDAI,VELOSTER,https://www.transkey.com/wp-content/uploads/2024/09/Hyundai-B51-01-750x750-1-600x600.jpg,,
335cd558-8ea8-44f3-936a-bbe3ee0ddea6,RENAULT,CLIO,https://www.transkey.com/wp-content/uploads/2024/09/Renault-B28A-01-750x750-1-600x600.jpg,,
364eb77d-a626-4085-8772-a5578edfda7c,CHEVROLET,MONTANA PICK - UP,https://www.transkey.com/wp-content/uploads/2024/05/PhotoRoom_20220922_115752-e1715036383820-300x300.jpg,,
36e43f42-09ec-49a9-aaba-238b35e87ffc,VOLKSWAGEN,SURAN CROSS,https://www.transkey.com/wp-content/uploads/2024/09/VW-Brazil-05-01-1-750x750-1-600x600.jpg,Flip sin boton,
376923d5-4145-4389-a2db-183744160af0,RENAULT,CLIO MIO,https://www.transkey.com/wp-content/uploads/2024/09/Renault-B28A-01-750x750-1-600x600.jpg,,
37eefa9d-4eed-46ab-973e-71d3192ab11b,HYUNDAI,VELOSTER,https://www.transkey.com/wp-content/uploads/2024/09/Hyundai-B04-01-750x750-1-600x600.jpg,,
39005567-21bf-41ea-be6f-ceb3d144d665,CITROEN,C 4 GRAND PICASSO,https://www.transkey.com/wp-content/uploads/2024/09/Citroen-B05C-01-750x750-1-300x300.jpg,,
3a48557f-bc2c-4d73-80f7-ca25d4b4af97,PEUGEOT,508,https://www.transkey.com/wp-content/uploads/2024/09/Peugeot-B11-01-750x750-1-600x600.jpg,mapa ln,
3add83f8-a24d-4c8f-a7bd-f286e2f0a808,CITROEN,C 3,https://encrypted-tbn1.gstatic.com/images?q=tbn:ANd9GcSzgz4zIVA7TD4D7HjAKcUbaBhUY_uVmW-BtoaYnAWWrrPXzHJM,,
3c8ec4b0-7ddf-4629-965b-e5c8e18d3848,HYUNDAI,CRETA,https://www.transkey.com/wp-content/uploads/2024/09/Hyundai-B51-01-750x750-1-600x600.jpg,,
3c9c4466-d38b-4fcd-b4b8-06d7c27df13e,VOLKSWAGEN,FOX,https://remokeys.com.ar/cdn/shop/files/LLVW001_1.webp?v=1701705830,"Fija ",
3cb67345-dede-466e-b7b4-ee738f67e289,CHEVROLET,CORSA,https://www.transkey.com/wp-content/uploads/2024/05/PhotoRoom_20220921_111214-e1715036424389-300x300.jpg,,
3f1a0909-67e6-406d-8513-a57e02243d7e,VOLKSWAGEN,BORA,https://remokeys.com.ar/cdn/shop/files/LLVW001_1.webp?v=1701705830,"Fija ",
3f6223c7-047f-4d82-a10f-8c279e257e99,VOLKSWAGEN,TRANSPORTER,https://www.transkey.com/wp-content/uploads/2024/09/VW-Brazil-05-01-1-750x750-1-600x600.jpg,Flip sin boton,
4295a50c-94a2-4e2e-bb7a-4a687a9fab2b,PEUGEOT,EXPERT,https://www.transkey.com/wp-content/uploads/2024/09/Peugeot-B10B-01-750x750-1-600x600.jpg,mapa lv,
42c26ddc-e76a-4b9a-a800-20a353d311b1,FIAT,IDEA,https://www.transkey.com/wp-content/uploads/2024/05/Photoroom_20240425_152948-300x300.jpg,,
4332aca7-d49b-4208-8fc2-9da355663e55,HYUNDAI,VELOSTER,https://www.transkey.com/wp-content/uploads/2024/09/Hyundai-B19-01-450x450-1.jpg,,
43dea3dc-b4fa-43fe-909e-0f2afe212e94,VOLKSWAGEN,VENTO VARIANT,https://remokeys.com.ar/cdn/shop/files/LLVW001_1.webp?v=1701705830,"Fija ",
444517e9-411f-4300-8301-79a801d641bb,JEEP,CHEROKEE,https://www.transkey.com/wp-content/uploads/2024/09/Chrysler-B18-01-750x750-1-600x600.jpg,,
470bcfd3-5746-433c-b330-76f468f0b2a3,VOLKSWAGEN,POLO,https://remokeys.com.ar/cdn/shop/files/LLVW001_1.webp?v=1701705830,"Fija ",
4793708c-f6bd-4b9b-b0b5-7e3c097166a9,FIAT,GRAND SIENA,https://www.transkey.com/wp-content/uploads/2024/09/Fiat-B26-01-750x750-1-600x600.jpg,MAPA,
485fda03-e88d-4edb-a8e9-1672739ec920,JEEP,PATRIOT,https://www.transkey.com/wp-content/uploads/2024/09/Chrysler-B18-01-750x750-1-600x600.jpg,,
4923f4dc-0a73-4b18-a432-af3e9a9319f5,PEUGEOT,207,https://www.transkey.com/wp-content/uploads/2024/09/Peugeot-B06A-01-750x750-1-300x300.jpg,dentada,
498e9a2d-b08f-4da9-bdb9-aac852743386,PEUGEOT,508,https://www.transkey.com/wp-content/uploads/2024/09/Peugeot-B10B-01-750x750-1-600x600.jpg,mapa lv,
4c22f7cd-cfda-484a-a36c-28d73236862b,FIAT,GRAND SIENA,https://www.transkey.com/wp-content/uploads/2024/09/Fiat-B27-01-750x750-1-600x600.jpg,"DENTADA ",
4c58620d-be24-4481-b2c6-49163b7d4c06,CHEVROLET,SPARK,https://www.transkey.com/wp-content/uploads/2024/09/Chevrolet-B05B-02-750x750-1-600x600.jpg,,
4d723569-6dcf-4f54-8422-1e3a345441b7,PEUGEOT,406,https://www.transkey.com/wp-content/uploads/2024/09/Peugeot-B09-01-750x750-1-600x600.jpg,dentada,
4e09f5fe-f0a2-44d8-8096-7a5e98343bb1,CITROEN,XSARA,https://www.transkey.com/wp-content/uploads/2024/09/Citroen-B05C-01-750x750-1-300x300.jpg,,
4f2270a6-c9c5-4e15-abaa-9a081da620ee,HYUNDAI,TUCSON,https://www.transkey.com/wp-content/uploads/2024/09/Hyundai-B51-01-750x750-1-600x600.jpg,,
4f69da8b-b88b-46ff-ba97-3c6ca338086c,VOLKSWAGEN,TIGUAN,https://www.transkey.com/wp-content/uploads/2024/09/VW-Brazil-05-01-1-750x750-1-600x600.jpg,Flip sin boton,
4fe7e440-a1f4-4867-aae4-4e94ebb4c591,FIAT,BRAVO,https://www.transkey.com/wp-content/uploads/2024/09/Fiat-B01B-01-750x750-1-600x600.jpg,,
5116af53-1e05-411a-8ed3-5a66fc433283,CHEVROLET,TRACKER,https://www.transkey.com/wp-content/uploads/2024/09/Chevrolet-B33A-01-750x750-1-600x600.jpg,,
51cf930b-b624-4a86-b198-fada48a829fe,CHEVROLET,SPARK,https://www.transkey.com/wp-content/uploads/2024/05/PhotoRoom_20220921_110616-e1715036459336-300x300.jpg,,
542411c8-5816-47c3-abf1-a5cc74545fe3,FORD,F-100 PICK - UP,https://www.transkey.com/wp-content/uploads/2024/09/Ford-B02A-01-750x750-1-600x600.jpg,,
5442a853-cfce-48a3-b5df-27912a62268b,FIAT,STRADA PICK - UP,https://www.transkey.com/wp-content/uploads/2024/09/Fiat-B26-01-750x750-1-600x600.jpg,mapa,
54c13ded-a9fa-493f-bd14-8f3093f9ad24,HYUNDAI,GRAND SANTA FE,https://www.transkey.com/wp-content/uploads/2024/09/Hyundai-B06-01-750x750-1-600x600.jpg,,
5779bf8f-d782-4254-8d4d-4b64682f3cfa,CHEVROLET,SONIC,https://www.transkey.com/wp-content/uploads/2024/09/Chevrolet-B33A-01-750x750-1-600x600.jpg,,
57c5f9ba-0f20-4c54-ae1e-aa9b9c2b3d04,FIAT,FIORINO,https://www.transkey.com/wp-content/uploads/2024/09/Fiat-B27-01-750x750-1-600x600.jpg,"DENTADA ",
57ee4385-e06f-44a5-8772-00d2d157f8aa,FORD,FIESTA KINETIC DESIGN ATTRACTION,https://www.transkey.com/wp-content/uploads/2024/05/59-300x300.png,,
5983b6aa-467f-4ebd-b06a-670571485dee,CHEVROLET,ONIX,https://www.transkey.com/wp-content/uploads/2024/05/PhotoRoom_20220922_115752-e1715036383820-300x300.jpg,,
5cee6be6-b9ac-47f8-96da-9f57dcbb15d7,FIAT,PALIO,https://www.transkey.com/wp-content/uploads/2024/09/Fiat-B26-01-750x750-1-600x600.jpg,,
5d55a22d-b230-4839-b7f7-ede11894f2c7,CHEVROLET,SONIC,https://www.transkey.com/wp-content/uploads/2024/05/PhotoRoom_20220922_115752-e1715036383820-300x300.jpg,,
5f10fcfa-c645-4b28-9184-aa15c7b87d61,CITROEN,C 4 AIRCROSS,https://www.transkey.com/wp-content/uploads/2024/09/Citroen-B05C-01-750x750-1-300x300.jpg,,
6181bccd-5fa7-4774-b9e9-ce8f756b782f,FIAT,DOBLO,https://www.transkey.com/wp-content/uploads/2024/09/Fiat-B27-01-750x750-1-600x600.jpg,"DENTADA ",
62222cc9-f22e-4fd1-b522-14434e6e2dfc,VOLKSWAGEN,SAVEIRO PICK - UP CROSS,https://www.transkey.com/wp-content/uploads/2024/09/VW-Brazil-05-01-1-750x750-1-600x600.jpg,Flip sin boton,
624b84e0-fc15-490e-b389-8291b03e4edf,HYUNDAI,GRAND SANTA FE,https://www.transkey.com/wp-content/uploads/2024/09/Hyundai-B04-01-750x750-1-600x600.jpg,,
6256cbf9-4770-4a67-84ed-10f9cfef6adc,FORD,KA +,https://www.transkey.com/wp-content/uploads/2024/05/61-300x300.png,,
63a84650-bc51-46ed-a63a-8db117e6812f,FIAT,CRONOS,https://www.transkey.com/wp-content/uploads/2024/09/Fiat-B26-01-750x750-1-600x600.jpg,,
66764a9b-fe30-43b2-9b2d-ca0819b27803,FORD,KUGA,https://www.transkey.com/wp-content/uploads/2024/05/61-300x300.png,,
678eb5ea-ec26-4fa0-90b7-45dcb1c283a5,RAM,2500 PICK - UP,https://i.ebayimg.com/images/g/kt4AAOSw1aRc5qAu/s-l1200.jpg,,
692dff3c-edf4-4b4c-a5d5-0eebe63f89b9,VOLKSWAGEN,NEW BEETLE,https://remokeys.com.ar/cdn/shop/files/LLVW001_1.webp?v=1701705830,"Fija ",
6a382778-71e3-4088-a4e0-efab921fc510,CHEVROLET,BLAZER,https://www.transkey.com/wp-content/uploads/2024/09/Chevrolet-B04B-01-750x750-1-300x300.jpg,,
6b052743-3e3c-40d6-ad5d-3bdc89f7b614,RENAULT,LOGAN,https://www.transkey.com/wp-content/uploads/2024/09/Renault-B28D-01-750x750-1-600x600.jpg,,
6b45da3c-cfb3-4c0b-abb2-559d9ec7d5ad,RENAULT,MEGANE,https://www.transkey.com/wp-content/uploads/2024/09/LLAVES-10.png,,
6bb0ef31-e2ff-4952-b80b-9b40be1fe4ac,CHEVROLET,ONIX,https://www.transkey.com/wp-content/uploads/2024/09/Chevrolet-B33A-01-750x750-1-600x600.jpg,,
6bcbffa7-2c25-4e4c-9b82-07432b2f3e2e,FIAT,UNO,https://www.transkey.com/wp-content/uploads/2024/09/Fiat-B26-01-750x750-1-600x600.jpg,mapa,
6c8120cf-a083-4034-9068-409f74fddf59,CHEVROLET,PRISMA,https://www.transkey.com/wp-content/uploads/2024/09/Chevrolet-B33A-01-750x750-1-600x600.jpg,,
6d1a7c8f-08b0-4b99-9719-fee848a6498e,TOYOTA,COROLLA,https://www.transkey.com/wp-content/uploads/2024/09/Toyota-B33B-01-750x750-1-600x600.jpg,,
6d82e15f-7d8a-406f-89de-f6a541c5ddd0,HYUNDAI,ELANTRA,https://www.transkey.com/wp-content/uploads/2024/09/Hyundai-B04-01-750x750-1-600x600.jpg,,
6dbba354-581b-4106-86bb-eadf6275ac93,FIAT,PUNTO,https://www.transkey.com/wp-content/uploads/2024/09/Fiat-B02B-02-750x750-1-600x600.jpg,,
6e07e926-a32a-4333-a98f-a341c8448066,VOLKSWAGEN,NEW BEETLE,https://www.transkey.com/wp-content/uploads/2024/09/VW-Brazil-05-01-1-750x750-1-600x600.jpg,Flip sin boton,
6e8bb9b4-efea-49cc-a36b-ec9f5c070087,VOLKSWAGEN,GOL COUNTRY,https://www.transkey.com/wp-content/uploads/2024/09/VW-Brazil-05-01-1-750x750-1-600x600.jpg,Flip sin boton,
6ecebc13-59ed-44f4-9e5e-76f7629259ca,VOLKSWAGEN,SCIROCCO,https://remokeys.com.ar/cdn/shop/files/LLVW001_1.webp?v=1701705830,"Fija ",
6fe2b134-47c8-4c75-ab46-78ed0fbdaa98,VOLKSWAGEN,CROSSFOX,https://www.transkey.com/wp-content/uploads/2024/09/VW-Brazil-05-01-1-750x750-1-600x600.jpg,Flip sin boton,
70081fc2-2170-43fa-a5ba-4f031dea6405,CHEVROLET,SPIN,https://www.transkey.com/wp-content/uploads/2024/09/Chevrolet-B33A-01-750x750-1-600x600.jpg,,
708faded-c955-4bf4-9ae2-5ed6c416a721,FIAT,PUNTO,https://www.transkey.com/wp-content/uploads/2024/05/Photoroom_20240425_152948-600x800.jpg,,
720c7ff7-6d56-4c32-9ba0-583b306e619e,CITROEN,C 4 CACTUS,https://www.transkey.com/wp-content/uploads/2024/09/Citroen-B05C-01-750x750-1-300x300.jpg,,
7255515b-eee1-4c30-9a7f-bb8031df4db0,FORD,FIESTA KINETIC DESIGN ATTRACTION,https://www.transkey.com/wp-content/uploads/2024/05/60-300x300.png,,
736bbc92-6671-42de-bd74-c43ab363c153,HYUNDAI,i 30,https://www.transkey.com/wp-content/uploads/2024/09/Hyundai-B06-01-750x750-1-600x600.jpg,,
73a96c3f-4730-444e-8d99-76d36500fdee,HYUNDAI,CRETA,https://www.transkey.com/wp-content/uploads/2024/09/Hyundai-B06-01-750x750-1-600x600.jpg,,
76757847-3b9f-47d0-a5f7-5f8c77a1111d,VOLKSWAGEN,VIRTUS,https://www.transkey.com/wp-content/uploads/2024/09/VW-Brazil-05-01-1-750x750-1-600x600.jpg,Flip sin boton,
77cc7412-18a3-440b-8c52-26c7b4b0ad02,RENAULT,SANDERO STEPWAY,https://www.transkey.com/wp-content/uploads/2024/09/Renault-B28B-01-750x750-1-600x600.jpg,,
79ef46d9-0cf1-4fb5-9fd8-f91aeaf574f4,RENAULT,MEGANE II,https://www.transkey.com/wp-content/uploads/2024/09/LLAVES-10.png,,
7ccfaf93-c178-44da-a438-be7acefe5b16,PEUGEOT,206,https://www.transkey.com/wp-content/uploads/2024/09/Peugeot-B06A-01-750x750-1-300x300.jpg,dentada,
7d676a84-20ea-4236-b2d5-b069137b93f2,FORD,RANGER PICK - UP,https://www.transkey.com/wp-content/uploads/2024/05/61-300x300.png,,
7ef973d0-7c58-4553-9612-cb032292bebf,CHEVROLET,PRISMA,https://www.transkey.com/wp-content/uploads/2024/05/PhotoRoom_20220922_115752-e1715036383820-300x300.jpg,,
7f1add67-4a23-47a2-aad6-9b6b2f3eb589,RENAULT,KWID,https://www.transkey.com/wp-content/uploads/2024/09/Renault-B28D-01-750x750-1-600x600.jpg,,
7f42e6d9-ba37-42ba-af95-0bf975ce03d2,VOLKSWAGEN,UP!,https://remokeys.com.ar/cdn/shop/files/LLVW001_1.webp?v=1701705830,"Fija ",
81662938-7ba8-48ab-8bc5-6863c80a5527,NISSAN,TIIDA,https://cdn.z1offroad.com/images/H0564ET000_Nissan_Xterra_Pathfinder_Frontier_Armada_Titan_Master_Key_Replacement_Z1_1.jpg,,
81b587f8-5061-415b-9f75-b233a4d1bf79,HONDA,HR-V,https://nebula.wsimg.com/8dbf0b6f14e2942658eaf20a2809771d?AccessKeyId=9339A7616493F2185746&disposition=0&alloworigin=1,,
81da26e0-bd4b-419e-a7da-3ecc0da49cd2,CHEVROLET,AVEO,https://www.transkey.com/wp-content/uploads/2024/09/Chevrolet-B05A-02-750x750-1.jpg,,
8222a009-333c-4a58-8c2a-8c2cfe197a88,FIAT,LINEA,https://www.transkey.com/wp-content/uploads/2024/09/Fiat-B26-01-750x750-1-600x600.jpg,MAPA,
8426af38-29cd-4557-9d48-7b22fc326f0e,VOLKSWAGEN,PASSAT,https://remokeys.com.ar/cdn/shop/files/LLVW001_1.webp?v=1701705830,"Fija ",
844e8606-1ef6-46e4-940e-d8a965593cca,VOLKSWAGEN,PASSAT CC,https://remokeys.com.ar/cdn/shop/files/LLVW001_1.webp?v=1701705830,"Fija ",
8462faf1-6701-498f-96e7-16d5b817759d,CHEVROLET,ZAFIRA,https://www.transkey.com/product/llave-chevrolet-corsa-astra-meriva-derecha/,,
847fba2f-077b-4bc8-90b4-e593e315a58a,JEEP,CHEROKEE GRAND,https://www.transkey.com/wp-content/uploads/2024/09/Chrysler-B18-01-750x750-1-600x600.jpg,,
85ad61a3-599c-4c8d-9f82-6ab49b66307f,PEUGEOT,406,https://www.transkey.com/wp-content/uploads/2024/09/Peugeot-B06A-01-750x750-1-300x300.jpg,dentada,
85d34059-d050-4c9d-937d-407cea5dfaff,PEUGEOT,408,https://www.transkey.com/wp-content/uploads/2024/09/Peugeot-B10B-01-750x750-1-600x600.jpg,mapa lv,
875483a3-9854-40a3-b63f-8b7ce3d37e6b,PEUGEOT,3008,https://www.transkey.com/wp-content/uploads/2024/09/Peugeot-B11-01-750x750-1-600x600.jpg,mapa ln,
884456a0-5870-4a3c-ae82-c0f4506bd5a7,PEUGEOT,5008,https://www.transkey.com/wp-content/uploads/2024/09/Peugeot-B10B-01-750x750-1-600x600.jpg,mapa lv,
893b1a7b-ba44-4aea-b854-57e982610bb4,PEUGEOT,208,https://www.transkey.com/wp-content/uploads/2024/09/Peugeot-B10B-01-750x750-1-600x600.jpg,mapa lv,
89478326-fef8-4339-931f-52147c6defd4,PEUGEOT,PARTNER,https://www.transkey.com/wp-content/uploads/2024/09/Peugeot-B10C-01-750x750-1-600x600.jpg,,
8a78bc2c-ddc8-497f-ba4e-ea55e8463d0d,FIAT,TORO PICK UP,https://www.transkey.com/wp-content/uploads/2024/09/Fiat-B26-01-750x750-1-600x600.jpg,mapa,
8b74975f-aaf4-4658-8403-6f3698a09fe9,RENAULT,DUSTER,https://www.transkey.com/wp-content/uploads/2024/09/Renault-B28B-01-750x750-1-600x600.jpg,,
8b8573df-a4e1-4266-a963-be4258e634cd,FIAT,FIORINO,https://www.transkey.com/wp-content/uploads/2024/09/Fiat-B26-01-750x750-1-600x600.jpg,MAPA,
8bc7d966-b854-4fc3-8f23-cc816b24585c,CHEVROLET,SPIN,https://www.transkey.com/wp-content/uploads/2024/09/Chevrolet-B54A-01-750x750-1-600x600.jpg,,
8c0380e9-d675-44ae-8d76-b8188fece247,CHEVROLET,ASTRA,https://www.transkey.com/wp-content/uploads/2024/05/PhotoRoom_20220921_111214-e1715036424389-300x300.jpg,,
8c74bd39-42ec-4c6f-af13-4d79bc442adc,CITROEN,XSARA PICASSO,https://www.transkey.com/wp-content/uploads/2024/09/Citroen-B07A-01-750x750-1-600x600.jpg,,
8c78652e-4f19-4490-9410-cc0b08e780a2,HYUNDAI,i 10,https://www.transkey.com/wp-content/uploads/2024/09/Hyundai-B06-01-750x750-1-600x600.jpg,,
8cceda16-d8ce-43ed-8a99-fade4467a482,FORD,KA +,https://www.transkey.com/wp-content/uploads/2024/05/59-300x300.png,,
8d518d42-fe39-44bf-9f29-a30d33a0a2b1,PEUGEOT,208,https://www.transkey.com/wp-content/uploads/2024/09/Peugeot-B11-01-750x750-1-600x600.jpg,mapa ln,
8f0fa8d1-22f5-4093-916f-e766c89f1c31,NISSAN,NOTE,https://cdn.z1offroad.com/images/H0564ET000_Nissan_Xterra_Pathfinder_Frontier_Armada_Titan_Master_Key_Replacement_Z1_1.jpg,,
8fd2242b-d478-4c5e-9cfb-1e7bc8473c57,CHEVROLET,ONIX,https://www.transkey.com/wp-content/uploads/2024/09/Chevrolet-B54A-01-750x750-1-600x600.jpg,,
91a7f6d1-6ecf-4a80-b2c3-04ab775f828f,CHEVROLET,PRISMA,https://www.transkey.com/wp-content/uploads/2024/09/Chevrolet-B54A-01-750x750-1-600x600.jpg,,
922a11a8-4551-4652-814b-fee7e52f8d64,SUZUKI,GRAND VITARA,https://www.transkey.com/wp-content/uploads/2024/09/Suzuki-B10-01-750x750-1-600x600.jpg,,
93c217e8-3b6e-4642-b69d-09c9bdcd7daa,FIAT,PALIO,https://www.transkey.com/wp-content/uploads/2024/09/Fiat-B02B-02-750x750-1-600x600.jpg,,
941e547b-ac31-4c62-b8b5-a3e751dc50b9,RENAULT,CLIO,https://www.transkey.com/wp-content/uploads/2024/09/LLAVES-10.png,,
949dc278-4b28-4a10-8428-91f5520b8e26,HYUNDAI,SANTA FE,https://www.transkey.com/wp-content/uploads/2024/09/Hyundai-B06-01-750x750-1-600x600.jpg,,
94dc13ba-b46c-4e7a-815e-e09be869befa,VOLKSWAGEN,SANTANA,https://remokeys.com.ar/cdn/shop/files/LLVW001_1.webp?v=1701705830,"Fija ",
95544320-514a-44bd-874d-2e3f51349035,FIAT,500,https://www.transkey.com/wp-content/uploads/2024/09/Fiat-B27-01-750x750-1-600x600.jpg,,
9688f8dc-1761-4b94-b817-b5e28c7004f1,FIAT,SIENA,https://www.transkey.com/wp-content/uploads/2024/09/Fiat-B27-01-750x750-1-600x600.jpg,"dentada ",
973e750b-6417-4e91-84fc-a67277497851,HONDA,CIVIC,https://nebula.wsimg.com/8dbf0b6f14e2942658eaf20a2809771d?AccessKeyId=9339A7616493F2185746&disposition=0&alloworigin=1,,
98384f43-abb6-4571-8be9-076b2f48ed81,CHEVROLET,AGILE,https://www.transkey.com/wp-content/uploads/2024/09/Chevrolet-B54A-01-750x750-1-600x600.jpg,,
99519602-6e90-4068-bf43-a2b136af2bb0,CITROEN,XSARA,https://www.transkey.com/wp-content/uploads/2024/09/Citroen-B07A-01-750x750-1-600x600.jpg,,
99ddc67e-f9fb-4190-b3c7-c637ce72c661,FORD,KA,https://www.transkey.com/wp-content/uploads/2024/05/61-300x300.png,,
9a28355b-0474-406c-8fcb-bec193b95bb1,RENAULT,KANGOO,https://www.transkey.com/wp-content/uploads/2024/09/Renault-B28B-01-750x750-1-600x600.jpg,,
9a420897-d4af-4c62-97f0-29b9b8b43881,FIAT,PUNTO,https://www.transkey.com/wp-content/uploads/2024/09/Fiat-B26-01-750x750-1-600x600.jpg,,
9a859fd5-f286-41ae-889f-a1caf99b798b,VOLKSWAGEN,SURAN CROSS,https://remokeys.com.ar/cdn/shop/files/LLVW001_1.webp?v=1701705830,"Fija ",
9a9d4c3e-891c-462a-aea3-7b0e7fe8cc04,TOYOTA,ETIOS CROSS,https://www.transkey.com/wp-content/uploads/2024/09/Toyota-B33B-01-750x750-1-600x600.jpg,,
9c2891e2-c397-41c6-beb7-ef89871c407a,HYUNDAI,GRAND SANTA FE,https://www.transkey.com/wp-content/uploads/2024/09/Hyundai-B51-01-750x750-1-600x600.jpg,,
9c6b2b62-3f4f-436c-aa86-0628bb2bd7dd,CHEVROLET,CRUZE,https://www.transkey.com/wp-content/uploads/2024/09/Chevrolet-B33A-01-750x750-1-600x600.jpg,,
9c6b5271-55ba-4186-be37-4be398d3f894,PEUGEOT,4008,https://www.transkey.com/wp-content/uploads/2024/09/Peugeot-B11-01-750x750-1-600x600.jpg,mapa ln,
9f28f144-8e64-4b9e-ac5a-d9dadf742364,VOLKSWAGEN,PASSAT VARIANT,https://www.transkey.com/wp-content/uploads/2024/09/VW-Brazil-05-01-1-750x750-1-600x600.jpg,Flip sin boton,
9f591cc7-576c-4696-8f18-0d5ebe48288a,VOLKSWAGEN,AMAROK PICK - UP,https://remokeys.com.ar/cdn/shop/files/LLVW001_1.webp?v=1701705830,"Fija ",
a0270fa0-fe75-496d-919b-0471c48978e2,VOLKSWAGEN,TRANSPORTER,https://remokeys.com.ar/cdn/shop/files/LLVW001_1.webp?v=1701705830,Flip sin boton,
a028af69-2a01-43b0-b983-593a47ab5fa7,HONDA,F i T,https://nebula.wsimg.com/8dbf0b6f14e2942658eaf20a2809771d?AccessKeyId=9339A7616493F2185746&disposition=0&alloworigin=1,,
a0f32a36-16d5-43d2-ac6b-f01e4031e5d7,VOLKSWAGEN,TOUAREG,https://www.transkey.com/wp-content/uploads/2024/09/VW-Brazil-05-01-1-750x750-1-600x600.jpg,Flip sin boton,
a1560871-33a6-4efa-b38c-c51fd2b9b00b,HYUNDAI,TUCSON,https://www.transkey.com/wp-content/uploads/2024/09/Hyundai-B04-01-750x750-1-600x600.jpg,,
a2821b4a-b218-48bf-be07-162446d765e9,VOLKSWAGEN,BORA,https://www.transkey.com/wp-content/uploads/2024/09/VW-Brazil-05-01-1-750x750-1-600x600.jpg,Flip sin boton,
a366e33b-7e69-48e8-a848-151b0f197acd,CHEVROLET,MONTANA PICK - UP,https://www.transkey.com/wp-content/uploads/2024/09/Chevrolet-B54A-01-750x750-1-600x600.jpg,,
a3d92e4a-b31d-4ec5-bd33-ec9524f16275,CITROEN,C 5,https://www.transkey.com/wp-content/uploads/2024/09/Citroen-B05C-01-750x750-1-300x300.jpg,,
a58e3c19-e87e-4a3b-91ad-4739baa6c2c8,VOLKSWAGEN,SAVEIRO PICK - UP,https://www.transkey.com/wp-content/uploads/2024/09/VW-Brazil-05-01-1-750x750-1-600x600.jpg,Flip sin boton,
a6c3ba8c-2cc3-4245-8384-d6eaa4eb41bb,RENAULT,CLIO MIO,https://www.transkey.com/wp-content/uploads/2024/09/LLAVES-10.png,,
a91e3b9e-153e-4552-b053-0df27574ab04,FORD,ECOSPORT,https://www.transkey.com/wp-content/uploads/2024/05/59-300x300.png,tibet,
a9c315c5-30e5-4772-acb2-5f614d8fcf0a,CITROEN,BERLINGO,https://www.transkey.com/wp-content/uploads/2024/09/Citroen-B07A-01-750x750-1-600x600.jpg,,
a9e53c30-9256-48b6-8d97-c582556079cf,CITROEN,XSARA PICASSO,https://www.transkey.com/wp-content/uploads/2024/09/Citroen-B05C-01-750x750-1-300x300.jpg,,
a9f33f70-ae6c-4879-8dcb-ee4b42d4e9e5,VOLKSWAGEN,SAVEIRO PICK - UP,https://remokeys.com.ar/cdn/shop/files/LLVW001_1.webp?v=1701705830,"Fija ",
aaf479cd-b3ac-4905-8791-14dd2d3f654f,NISSAN,SENTRA,https://cdn.z1offroad.com/images/H0564ET000_Nissan_Xterra_Pathfinder_Frontier_Armada_Titan_Master_Key_Replacement_Z1_1.jpg,,
ab87c2c6-d793-4133-ad00-6ce02f34ed1f,VOLKSWAGEN,UP!,https://www.transkey.com/wp-content/uploads/2024/09/VW-Brazil-05-01-1-750x750-1-600x600.jpg,Flip sin boton,
ab8cd08c-a530-47fb-a1fd-4c09b0fd7614,FIAT,UNO CARGO,https://www.transkey.com/wp-content/uploads/2024/09/Fiat-B26-01-750x750-1-600x600.jpg,mapa,
ac65c5c0-07b8-46fc-815e-073bade13e01,NISSAN,KICKS,https://cdn.z1offroad.com/images/H0564ET000_Nissan_Xterra_Pathfinder_Frontier_Armada_Titan_Master_Key_Replacement_Z1_1.jpg,,
ae7b8d72-83b4-4dca-a25f-24f398e9ed1f,NISSAN,FRONTIER PICK - UP,https://cdn.z1offroad.com/images/H0564ET000_Nissan_Xterra_Pathfinder_Frontier_Armada_Titan_Master_Key_Replacement_Z1_1.jpg,,
aeaa1173-ea0c-4ab3-a0ea-7d27b8425de5,VOLKSWAGEN,TRANSPORTER,https://www.transkey.com/wp-content/uploads/2024/09/VW-B27A-750x750-1-600x600.jpg,"Fija ",
afb5204a-b4dd-440d-89fe-3ff5d0f3d27a,PEUGEOT,307,https://www.transkey.com/wp-content/uploads/2024/09/Peugeot-B10B-01-750x750-1-600x600.jpg,mapa lv,
b01098d7-f7e2-4e25-8a4b-2f541aa134af,HONDA,CR-V,https://nebula.wsimg.com/8dbf0b6f14e2942658eaf20a2809771d?AccessKeyId=9339A7616493F2185746&disposition=0&alloworigin=1,,
b04b587b-4732-488b-b811-5d1b19f41f39,CHEVROLET,SONIC,https://www.transkey.com/wp-content/uploads/2024/09/Chevrolet-B54A-01-750x750-1-600x600.jpg,,
b12fab34-22f8-497e-a8a5-69775209c3c4,VOLKSWAGEN,VENTO,https://www.transkey.com/wp-content/uploads/2024/09/VW-Brazil-05-01-1-750x750-1-600x600.jpg,Flip sin boton,
b1645efa-c0d9-4e3b-8d65-60029df6c8a9,PEUGEOT,2008,https://www.transkey.com/wp-content/uploads/2024/09/Peugeot-B11-01-750x750-1-600x600.jpg,mapa ln,
b202a561-95ec-4459-b696-8befe1734719,VOLKSWAGEN,T-CROSS,https://remokeys.com.ar/cdn/shop/files/LLVW001_1.webp?v=1701705830,"Fija ",
b4da4ace-ddc4-4831-849c-d0ff5642a1d7,RENAULT,MEGANE II,https://www.transkey.com/wp-content/uploads/2024/09/Renault-B28A-01-750x750-1-600x600.jpg,,
b5627f57-5914-49bd-94e4-512f1d5ba459,FORD,FIESTA,https://www.transkey.com/wp-content/uploads/2024/05/60-300x300.png,,
b5f65e3b-bb26-4e00-a7d5-020a25a95855,CITROEN,C 4,https://www.transkey.com/wp-content/uploads/2024/09/Citroen-B05C-01-750x750-1-300x300.jpg,,
b95bf972-21f1-4223-b40a-ebeef9f1493c,CHEVROLET,TRACKER,https://www.transkey.com/wp-content/uploads/2024/05/PhotoRoom_20220922_115752-e1715036383820-300x300.jpg,,
bb1b3587-ec39-4339-9126-2a7ac756d88e,FORD,TRANSIT,https://www.transkey.com/wp-content/uploads/2024/05/61-300x300.png,,
bb543ace-64b2-4c50-aeef-bb925ad7350f,PEUGEOT,407,https://www.transkey.com/wp-content/uploads/2024/09/Peugeot-B10B-01-750x750-1-600x600.jpg,mapa lv,
bc657007-da07-490e-a020-ec04f212ba71,VOLKSWAGEN,POLO CLASSIC,https://remokeys.com.ar/cdn/shop/files/LLVW001_1.webp?v=1701705830,"Fija ",
bd7a84bc-f606-41d6-b16e-3b5c1abf18ad,RENAULT,DUSTER OROCH PICK - UP,https://www.transkey.com/wp-content/uploads/2024/09/Renault-B28B-01-750x750-1-600x600.jpg,,
be17cfa4-6e93-4371-a9ad-09009eff536f,VOLKSWAGEN,PASSAT CC,https://www.transkey.com/wp-content/uploads/2024/09/VW-Brazil-05-01-1-750x750-1-600x600.jpg,Flip sin boton,
be8cfe08-447e-4ad2-a579-2a179b45e310,FIAT,IDEA,https://www.transkey.com/wp-content/uploads/2024/09/Fiat-B01B-01-750x750-1-600x600.jpg,mapa azul,
c1bf6f8c-fde4-4ea8-a99f-0f1dfaeb5052,HYUNDAI,ELANTRA,https://www.transkey.com/wp-content/uploads/2024/09/Hyundai-B06-01-750x750-1-600x600.jpg,,
c444d48e-0eda-4afa-9d06-58cae05145d6,RENAULT,MEGANE III,https://www.transkey.com/wp-content/uploads/2024/09/Renault-B28A-01-750x750-1-600x600.jpg,,
c4669275-037f-4241-9787-b7f45ba0974b,FORD,ECOSPORT KINETIC DESIGN ATTRACTION,https://www.transkey.com/wp-content/uploads/2024/05/60-300x300.png,"dentada ",
c4fde70f-f25e-49a6-a8f0-4e810d4420f3,HYUNDAI,i 30,https://www.transkey.com/wp-content/uploads/2024/09/Hyundai-B51-01-750x750-1-600x600.jpg,,
c500e70d-6aa0-49c3-9904-73bb52f8177f,HYUNDAI,SANTA FE,https://www.transkey.com/wp-content/uploads/2024/09/Hyundai-B04-01-750x750-1-600x600.jpg,,
c6f045e5-2650-4981-94ad-680832a98918,CHEVROLET,CLASSIC,https://www.transkey.com/wp-content/uploads/2024/05/PhotoRoom_20220921_110616-e1715036459336-300x300.jpg,,
c752d6b7-850e-457f-b8d6-9c4b7c1bece3,PEUGEOT,407,https://www.transkey.com/wp-content/uploads/2024/09/Peugeot-B11-01-750x750-1-600x600.jpg,mapa ln,
c807b975-dc28-40c6-9db0-33f5e5b62c63,HONDA,CITY,https://www.transkey.com/product/llave-porta-chip-honda-mapa-hon66/,,
c80a113c-633c-4e16-9027-7294a2c76e8e,CHEVROLET,MONTANA PICK - UP,https://www.transkey.com/wp-content/uploads/2024/09/Chevrolet-B33A-01-750x750-1-600x600.jpg,,
c950134f-f310-4bdf-847d-fe07ee5ea243,FIAT,DOBLO,https://www.transkey.com/wp-content/uploads/2024/09/Fiat-B26-01-750x750-1-600x600.jpg,MAPA,
c997c490-e01f-4892-a285-4c457e7295e1,VOLKSWAGEN,POLO CLASSIC,https://www.transkey.com/wp-content/uploads/2024/09/VW-Brazil-05-01-1-750x750-1-600x600.jpg,Flip sin boton,
c9c836cb-6dee-41b5-912a-21982e978ced,VOLKSWAGEN,POLO,https://www.transkey.com/wp-content/uploads/2024/09/VW-Brazil-05-01-1-750x750-1-600x600.jpg,Flip sin boton,
cb506a15-d03a-4d65-bc94-9ea0e0aa5e20,HYUNDAI,i 10,https://www.transkey.com/wp-content/uploads/2024/09/Hyundai-B04-01-750x750-1-600x600.jpg,,
cd71d3bb-7cd4-468d-8fbb-498edb9541fb,PEUGEOT,EXPERT,https://www.transkey.com/wp-content/uploads/2024/09/Peugeot-B11-01-750x750-1-600x600.jpg,mapa ln,
cd8ef9c6-d005-4178-bdee-bed4fb6a1cb6,TOYOTA,HILUX PICK - UP,https://www.transkey.com/wp-content/uploads/2024/09/Toyota-B33G-01-750x750-1-600x600.jpg,,
cdcfb895-c805-48fc-b3f4-5b621686ae5f,VOLKSWAGEN,SURAN,https://remokeys.com.ar/cdn/shop/files/LLVW001_1.webp?v=1701705830,"Fija ",
cdf589b2-0659-4f3a-b0d1-4b493fead79e,PEUGEOT,207,https://www.transkey.com/wp-content/uploads/2024/09/Peugeot-B09-01-750x750-1-600x600.jpg,dentada,
cf16f5f6-b8ef-4226-b7f5-bfa5b03d0401,RENAULT,MEGANE,https://www.transkey.com/wp-content/uploads/2024/09/Renault-B28A-01-750x750-1-600x600.jpg,,
d08d6dc7-2dfa-4374-8f82-405c5518f1c8,FORD,FOCUS,https://www.transkey.com/wp-content/uploads/2024/05/61-300x300.png,,
d2d3293b-8533-45f9-985d-784acf2037fe,FORD,FIESTA,https://www.transkey.com/wp-content/uploads/2024/05/61-300x300.png,,
d43a7fae-0daa-498a-b5ef-326bc573a227,VOLKSWAGEN,TIGUAN,https://remokeys.com.ar/cdn/shop/files/LLVW001_1.webp?v=1701705830,"Fija ",
d4f253e6-4221-4c82-96c6-ac0c4fe8641c,FIAT,FIORINO QUBO,https://www.transkey.com/wp-content/uploads/2024/09/Fiat-B26-01-750x750-1-600x600.jpg,MAPA,
d57783b6-4bc2-4a2f-a6cd-a181d20c6822,CITROEN,C 3,https://www.transkey.com/wp-content/uploads/2024/09/Citroen-B05C-01-750x750-1-300x300.jpg,,
d64a9f43-2d44-4962-ac71-2bbe194fc0fb,VOLKSWAGEN,SURAN,https://www.transkey.com/wp-content/uploads/2024/09/VW-Brazil-05-01-1-750x750-1-600x600.jpg,Flip sin boton,
d6feff67-5fcf-479d-872c-7f524176d16c,TOYOTA,HILUX PICK - UP,https://www.transkey.com/wp-content/uploads/2024/09/Toyota-B33C-01-750x750-1-600x600.jpg,,
d71d393c-1da9-423d-94b6-6fea4cdbb90a,FIAT,QUBO,https://www.transkey.com/wp-content/uploads/2024/09/Fiat-B27-01-750x750-1-600x600.jpg,"dentada ",
d7cb23a9-4f24-4fa2-84d8-a7e7c0ebd2f6,HYUNDAI,ELANTRA,https://www.transkey.com/wp-content/uploads/2024/09/Hyundai-B51-01-750x750-1-600x600.jpg,,
da9c2a07-a8ae-4a69-bea2-ae2d3a23ddab,JEEP,COMPASS,https://www.transkey.com/wp-content/uploads/2024/09/Chrysler-B18-01-750x750-1-600x600.jpg,,
daa397d8-20c9-4e84-ae51-82b62b599b1b,VOLKSWAGEN,CROSSFOX,https://remokeys.com.ar/cdn/shop/files/LLVW001_1.webp?v=1701705830,"Fija ",
dae53551-a947-47bf-91c9-51d6b7e7462d,CHEVROLET,SPIN,https://www.transkey.com/wp-content/uploads/2024/05/PhotoRoom_20220922_115752-e1715036383820-300x300.jpg,,
dbc53b32-afd8-4739-a5a0-e7506717d295,VOLKSWAGEN,FOX,https://www.transkey.com/wp-content/uploads/2024/09/VW-Brazil-05-01-1-750x750-1-600x600.jpg,Flip sin boton,
dd07c8a1-756b-414a-beb7-dea9f49b111a,RENAULT,SYMBOL,https://www.transkey.com/wp-content/uploads/2024/09/LLAVES-10.png,,
dd2d66f0-207d-4645-9450-c0e41ad8953a,TOYOTA,RAV - 4,https://www.transkey.com/wp-content/uploads/2024/09/Toyota-B33B-01-750x750-1-600x600.jpg,,
dd83db43-2008-4637-82c0-5254a10dc054,VOLKSWAGEN,GOLF,https://remokeys.com.ar/cdn/shop/files/LLVW001_1.webp?v=1701705830,"Fija ",
deed2b5d-7a0b-4cc5-a8e3-0044bb1c5f56,CHEVROLET,VECTRA,https://www.transkey.com/wp-content/uploads/2024/09/Chevrolet-B02C-01-750x750-1-300x300.jpg,,
df8f51a8-545b-444b-95ec-ca02ac4b88a4,FIAT,MOBI,https://www.transkey.com/wp-content/uploads/2024/09/Fiat-B26-01-750x750-1-600x600.jpg,MAPA,
e0461167-801b-4324-9130-2b375c04e2a2,VOLKSWAGEN,GOL TREND,https://www.transkey.com/wp-content/uploads/2024/09/VW-Brazil-05-01-1-750x750-1-600x600.jpg,Flip sin boton,
e08586ed-afec-43e0-a44e-bea298bc4de9,HYUNDAI,i 10,https://www.transkey.com/wp-content/uploads/2024/09/Hyundai-B51-01-750x750-1-600x600.jpg,,
e1b56ada-4309-49d3-aa43-17b0a5c3ee79,VOLKSWAGEN,AMAROK PICK - UP,https://www.transkey.com/wp-content/uploads/2024/09/VW-Brazil-05-01-1-750x750-1-600x600.jpg,Flip sin boton,
e1dddd4c-ffb8-4508-8060-6e9bfe5cb286,FORD,KA,https://www.transkey.com/wp-content/uploads/2024/05/59-300x300.png,tibet,
e24208b6-a612-4c13-b65a-378b04b6bfb1,HYUNDAI,SANTA FE,https://www.transkey.com/wp-content/uploads/2024/09/Hyundai-B51-01-750x750-1-600x600.jpg,,
e36cef26-0eb2-443f-8e90-e091003fccaa,PEUGEOT,3008,https://www.transkey.com/wp-content/uploads/2024/09/Peugeot-B10B-01-750x750-1-600x600.jpg,mapa lv,
e41fa25d-01df-4e7e-9981-5d432164bedd,VOLKSWAGEN,THE BEETLE,https://www.transkey.com/wp-content/uploads/2024/09/VW-Brazil-05-01-1-750x750-1-600x600.jpg,Flip sin boton,
e448826b-d5ed-47ad-a86b-1b98a5df7227,TOYOTA,CAMRY,https://www.transkey.com/wp-content/uploads/2024/09/Toyota-B33B-01-750x750-1-600x600.jpg,,
e493e6f5-67d8-40e8-8d45-ecfb76fe4f16,VOLKSWAGEN,CADDY,https://remokeys.com.ar/cdn/shop/files/LLVW001_1.webp?v=1701705830,"Fija ",
e53123e1-5953-416d-97f3-6f500ff4fc67,CHEVROLET,MERIVA,https://www.transkey.com/wp-content/uploads/2024/05/PhotoRoom_20220921_110616-e1715036459336-300x300.jpg,,
e5362d13-e741-4788-96fe-93c62c52cc9b,RENAULT,SANDERO,https://www.transkey.com/wp-content/uploads/2024/09/Renault-B28B-01-750x750-1-600x600.jpg,,
e5b72fcc-025f-41d5-9cfc-56fceb146da4,NISSAN,XTRAIL,https://cdn.z1offroad.com/images/H0564ET000_Nissan_Xterra_Pathfinder_Frontier_Armada_Titan_Master_Key_Replacement_Z1_1.jpg,,
e6469761-c08b-4df8-a63a-2eb5fd700e0e,TOYOTA,COROLLA,https://www.transkey.com/wp-content/uploads/2024/09/Toyota-B33G-01-750x750-1-600x600.jpg,,
e88f514e-43d7-45a2-9fc3-59456c177e59,SUZUKI,SWIFT,https://www.transkey.com/wp-content/uploads/2024/09/Suzuki-B02-01-750x750-1-600x600.jpg,,
e93fa87c-0277-44a1-b5e9-2dc8eda7a36a,VOLKSWAGEN,SAVEIRO PICK - UP CROSS,https://remokeys.com.ar/cdn/shop/files/LLVW001_1.webp?v=1701705830,"Fija ",
ea1d7161-8d21-4ef1-b73a-eea262eac837,FORD,FIESTA,https://www.transkey.com/wp-content/uploads/2024/05/59-300x300.png,tibet,
ea4dfef3-d377-4837-abe5-14b6fbf7f3b9,CITROEN,C 6,https://www.transkey.com/wp-content/uploads/2024/09/Citroen-B05C-01-750x750-1-300x300.jpg,,
ea7f0c59-e532-4bd0-af36-1f5125a7cbac,VOLKSWAGEN,GOL COUNTRY,https://remokeys.com.ar/cdn/shop/files/LLVW001_1.webp?v=1701705830,"Fija ",
eb4c978e-2edb-4269-b37e-e01f36985e6a,HONDA,ACCORD,https://nebula.wsimg.com/8dbf0b6f14e2942658eaf20a2809771d?AccessKeyId=9339A7616493F2185746&disposition=0&alloworigin=1,,
eb696a2e-6686-4a7b-b26e-69e13fdceaed,HONDA,CR-V,https://www.transkey.com/product/llave-porta-chip-honda-mapa-hon66/,,
ed69c8c9-2e48-4963-b90e-5069339d9ae7,FORD,MONDEO,https://www.transkey.com/wp-content/uploads/2024/05/61-300x300.png,,
ed902fb5-cc7e-45e1-abae-3b0aadf2de27,VOLKSWAGEN,GOLF,https://www.transkey.com/wp-content/uploads/2024/09/VW-Brazil-05-01-1-750x750-1-600x600.jpg,Flip sin boton,
ee5fcb7f-4230-4fcd-b28a-6822723f24a6,CITROEN,C 3 PICASSO,https://www.transkey.com/wp-content/uploads/2024/09/Citroen-B05C-01-750x750-1-300x300.jpg,,
ee9ba8a3-52ea-44f1-b73c-b9913be14503,FIAT,UNO CARGO,https://www.transkey.com/wp-content/uploads/2024/09/Fiat-B27-01-750x750-1-600x600.jpg,"dentada ",
efdf5395-4aab-4ae3-b5a1-4ff33485ed23,PEUGEOT,4008,https://www.transkey.com/wp-content/uploads/2024/09/Peugeot-B10B-01-750x750-1-600x600.jpg,mapa lv,
f17414f5-273e-4744-9440-c59ca8b4daaf,CHEVROLET,AGILE,https://www.transkey.com/product/llave-chevrolet-vectra-06/,,
f17f1974-bb6d-41a8-a17d-fa50caf3c931,NISSAN,VERSA,https://cdn.z1offroad.com/images/H0564ET000_Nissan_Xterra_Pathfinder_Frontier_Armada_Titan_Master_Key_Replacement_Z1_1.jpg,,
f186a10a-8f1f-47b0-97b2-ca4f14d0c986,CITROEN,C 3 AIRCROSS,https://www.transkey.com/wp-content/uploads/2024/09/Citroen-B05C-01-750x750-1-300x300.jpg,,
f18dfb6c-4052-454f-9027-7673dbabc72a,VOLKSWAGEN,THE BEETLE,https://remokeys.com.ar/cdn/shop/files/LLVW001_1.webp?v=1701705830,"Fija ",
f1afd3fd-d296-4400-97df-e4df4a87defa,VOLKSWAGEN,GOL TREND,https://remokeys.com.ar/cdn/shop/files/LLVW001_1.webp?v=1701705830,"Fija ",
f1cbeb3f-2548-436a-a11b-491153a75502,VOLKSWAGEN,VENTO VARIANT,https://www.transkey.com/wp-content/uploads/2024/09/VW-Brazil-05-01-1-750x750-1-600x600.jpg,Flip sin boton,
f2d29307-9385-44f7-86cc-15f80bf30a78,FIAT,UNO,https://www.transkey.com/wp-content/uploads/2024/09/Fiat-B27-01-750x750-1-600x600.jpg,"dentada ",
f2d33222-6527-49bf-a517-e111be0e6e28,CHEVROLET,TRACKER,https://www.transkey.com/wp-content/uploads/2024/09/Chevrolet-B54A-01-750x750-1-600x600.jpg,,
f46d4bf5-25a1-47c5-9c96-13217064a6c0,VOLKSWAGEN,GOL,https://remokeys.com.ar/cdn/shop/files/LLVW001_1.webp?v=1701705830,"Fija ",
f4ee38b2-b11f-4713-9941-1a0f3e988067,VOLKSWAGEN,PASSAT,https://www.transkey.com/wp-content/uploads/2024/09/VW-Brazil-05-01-1-750x750-1-600x600.jpg,Flip sin boton,
f514b619-883f-4625-b4ae-ce24f3022f9e,NISSAN,MARCH,https://cdn.z1offroad.com/images/H0564ET000_Nissan_Xterra_Pathfinder_Frontier_Armada_Titan_Master_Key_Replacement_Z1_1.jpg,,
f5655fae-82bb-4e49-8f02-b38001020490,FIAT,STRADA PICK - UP,https://www.transkey.com/wp-content/uploads/2024/09/Fiat-B27-01-750x750-1-600x600.jpg,"dentada ",
f6719bbf-fa53-48c0-a7cc-1d0dbeced6a1,CHEVROLET,CAPTIVA,https://www.transkey.com/wp-content/uploads/2024/05/PhotoRoom_20220921_111214-e1715036424389-300x300.jpg,,
f6dd2e41-5539-4f32-8d1c-510aa591b7be,FIAT,FIORINO QUBO,https://www.transkey.com/wp-content/uploads/2024/09/Fiat-B27-01-750x750-1-600x600.jpg,"DENTADA ",
f7cc18f5-aca0-4a8b-b063-933e851f110d,VOLKSWAGEN,VOYAGE,https://www.transkey.com/wp-content/uploads/2024/09/VW-Brazil-05-01-1-750x750-1-600x600.jpg,Flip sin boton,
f8fb29d8-dbf7-4a7e-809f-9d22b6784ab0,RAM,1500 PICK - UP,https://i.ebayimg.com/images/g/kt4AAOSw1aRc5qAu/s-l1200.jpg,,
f98da8e6-9f78-483f-a95a-5f8bd0b34b1f,CITROEN,C 4 PICASSO,https://www.transkey.com/wp-content/uploads/2024/09/Citroen-B05C-01-750x750-1-300x300.jpg,,
f9d5bd8f-6d0f-43fc-a88c-574dffb0bd48,JEEP,WRANGLER,https://www.transkey.com/wp-content/uploads/2024/09/Chrysler-B18-01-750x750-1-600x600.jpg,,
facb16b8-6352-4ae7-842e-ce7269d14c99,FIAT,QUBO,https://www.transkey.com/wp-content/uploads/2024/09/Fiat-B26-01-750x750-1-600x600.jpg,mapa,
faeff878-f466-4dc6-aa41-3f26cda40d08,PEUGEOT,408,https://www.transkey.com/wp-content/uploads/2024/09/Peugeot-B11-01-750x750-1-600x600.jpg,mapa ln,
fbb2d8b6-423f-4786-9a58-7e9f642b5d9d,TOYOTA,HILUX SW4,https://www.transkey.com/wp-content/uploads/2024/09/Toyota-B33B-01-750x750-1-600x600.jpg,,
fc0409e2-0df7-4623-a3b4-16c5d9a99207,HONDA,CIVIC,https://www.transkey.com/product/llave-porta-chip-honda-mapa-hon66/,,
fc47b3dd-c778-40b4-a8e4-022cd747a627,FORD,FOCUS KINETIC DESIGN ATTRACTION,https://www.transkey.com/wp-content/uploads/2024/05/61-300x300.png,,
fc67bcdd-619a-4074-ad07-1637ca6935e2,VOLKSWAGEN,CADDY,https://www.transkey.com/wp-content/uploads/2024/09/VW-Brazil-05-01-1-750x750-1-600x600.jpg,Flip sin boton,
fda3ba86-19f9-4d21-9816-d14a3d9dfb85,TOYOTA,COROLLA,https://www.transkey.com/wp-content/uploads/2024/09/Toyota-B33F-01-750x750-1-600x600.jpg,,
fe14b866-dc49-49a9-b785-e37476686465,FIAT,SIENA,https://www.transkey.com/wp-content/uploads/2024/09/Fiat-B26-01-750x750-1-600x600.jpg,mapa,
fe158497-2872-4ea4-91b1-f65473772037,HONDA,F i T,https://www.transkey.com/product/llave-porta-chip-honda-mapa-hon66/,,
fe9ce7bb-ff91-417c-9a30-f87d4bbd02d2,HYUNDAI,CRETA,https://www.transkey.com/wp-content/uploads/2024/09/Hyundai-B04-01-750x750-1-600x600.jpg,,
ff5d1373-87dc-4f8f-9712-0ceb45ff9558,CHEVROLET,CRUZE,https://www.transkey.com/wp-content/uploads/2024/09/Chevrolet-B54A-01-750x750-1-600x600.jpg,,